uni,first_name,middle_name,last_name,email,school_code,title
qud9703,Gerrie,Shena,Dowry,sdowry0@1688.com,GSAS,ASSOCIATE_PROFESSOR
esd0736,Earle,Sarita,Stife,sstife1@ibm.com,CPS,""
dbj4027,Moritz,Penny,Volonte,pvolonte2@squidoo.com,EN,ASSOCIATE_PROFESSOR
ihx7326,Welbie,Gae,Swansbury,gswansbury3@geocities.com,CPS,UNIVERSITY_PROFESSOR
srv1815,Barnaby,Andrea,Newlands,anewlands4@omniture.com,CPS,ASSISTANT_PROFESSOR
gcr9962,Keriann,Brig,Heinel,bheinel5@feedburner.com,BU,ASSISTANT_PROFESSOR
crx2242,Florencia,Alyss,Blatcher,ablatcher6@parallels.com,BC,""
jyn1985,Bevan,Traver,Laverick,tlaverick7@comcast.net,EN,PROFESSOR
kdt5505,Konstanze,Ricardo,Craigheid,rcraigheid8@nifty.com,BU,ASSOCIATE_PROFESSOR
wtc5318,Elene,Dell,Raspel,draspel9@hud.gov,CC,UNIVERSITY_PROFESSOR
ccg6388,Shae,Helenka,Tiddy,htiddya@umich.edu,EP,UNIVERSITY_PROFESSOR
mny2335,Larine,Charmian,Whitta,cwhittab@home.pl,BU,UNIVERSITY_PROFESSOR
laa6641,Almeta,Demetra,Tincknell,dtincknellc@creativecommons.org,CC,LECTURER
npp8439,Syman,Tore,Kendell,tkendelld@tiny.cc,CPS,ASSOCIATE_PROFESSOR
auc8765,Uriah,Janette,Alexander,jalexandere@myspace.com,GSAS,""
kiq9882,Corabella,Ellissa,Worg,eworgf@rambler.ru,GSAS,ADJUNCT_PROFESSOR
cfb3917,Dominik,Lenora,Mullinder,lmullinderg@cnbc.com,CPS,ASSISTANT_PROFESSOR
lcz0888,Halsy,Savina,Hundley,shundleyh@dedecms.com,BC,ADJUNCT_PROFESSOR
wxp4410,Cort,Lemuel,McTrustram,lmctrustrami@stanford.edu,GS,ADJUNCT_PROFESSOR
onl9935,Karlens,Margie,Cabera,mcaberaj@java.com,CPS,ASSISTANT_PROFESSOR
ipl9707,Calley,Cyndy,Mapston,cmapstonk@scientificamerican.com,BU,UNIVERSITY_PROFESSOR
mfx5596,Hilton,Rhys,Cloney,rcloneyl@ft.com,CPS,ASSISTANT_PROFESSOR
qio0778,Karney,Max,Whiting,mwhitingm@nytimes.com,GSAS,ADJUNCT_PROFESSOR
iwi5598,Renate,Worthy,Ascrofte,wascroften@bloomberg.com,BU,ASSISTANT_PROFESSOR
var1938,Tirrell,Christen,Tirrey,ctirreyo@slate.com,EP,""
uzg4184,Vicki,Zaneta,McShea,zmcsheap@pbs.org,EN,""
sph9304,Ursala,Cad,Brose,cbroseq@ox.ac.uk,EP,ASSISTANT_PROFESSOR
jzs4052,Ario,Von,Ottley,vottleyr@imageshack.us,EP,UNIVERSITY_PROFESSOR
dff5896,Blair,Pauline,Lelliott,plelliotts@npr.org,GSAS,""
qjf5600,Nisse,Elias,Caren,ecarent@un.org,CPS,LECTURER
srs9775,Lorelei,Merle,Larvor,mlarvoru@google.com,EP,ASSOCIATE_PROFESSOR
gxl8023,Gigi,Rhodia,Bonavia,rbonaviav@reddit.com,EP,LECTURER
rfi6145,Ginger,Saunderson,Giannazzo,sgiannazzow@exblog.jp,GS,ADJUNCT_PROFESSOR
iss7934,Gerrie,Marsiella,Ambage,mambagex@twitpic.com,JN,""
yqo9312,Amery,Normy,Newband,nnewbandy@army.mil,EN,PROFESSOR
xtm4842,Elle,Tansy,Picknett,tpicknettz@europa.eu,EN,ADJUNCT_PROFESSOR
ytf2493,Corly,Burr,Posner,bposner10@scribd.com,GS,""
dmn9939,Leo,Solomon,Burndred,sburndred11@newyorker.com,CPS,LECTURER
hyy9421,Neely,Torre,Hedworth,thedworth12@merriam-webster.com,GSAS,ASSOCIATE_PROFESSOR
xej0202,Rabi,Friederike,Baigent,fbaigent13@theatlantic.com,EP,LECTURER
aod4572,Trevor,Roobbie,McRoberts,rmcroberts14@washingtonpost.com,CC,LECTURER
qgg6797,Syd,Gabrila,Studdal,gstuddal15@usatoday.com,BU,ADJUNCT_PROFESSOR
pvp4062,Pearle,Katrine,Bullon,kbullon16@ehow.com,EN,ADJUNCT_PROFESSOR
xza6371,Halsey,Alene,Whatman,awhatman17@freewebs.com,BC,ASSISTANT_PROFESSOR
cpp2660,Andeee,Lew,Warin,lwarin18@accuweather.com,EP,ADJUNCT_PROFESSOR
jow3583,Silvain,Lannie,Cerie,lcerie19@about.com,EN,PROFESSOR
ebb6758,Luca,Iorgo,Goodfield,igoodfield1a@quantcast.com,BU,UNIVERSITY_PROFESSOR
uwd2227,Dell,Zeke,Dederick,zdederick1b@tamu.edu,GSAS,ASSOCIATE_PROFESSOR
fld3692,Morten,Emmy,Ewer,eewer1c@360.cn,EN,UNIVERSITY_PROFESSOR
gty6420,Camille,Glyn,Lissenden,glissenden1d@yale.edu,EN,""
tuq9293,Bathsheba,Arlette,de la Tremoille,adelatremoille1e@storify.com,CPS,LECTURER
uln7947,Nanette,Joletta,Tollady,jtollady1f@pcworld.com,EN,ADJUNCT_PROFESSOR
qmu8524,Gav,Pen,Rasp,prasp1g@businesswire.com,GS,""
mdv2997,Shari,Bobbi,Brazier,bbrazier1h@bloglines.com,EN,PROFESSOR
mtz0994,Peirce,Quintana,Ruggles,qruggles1i@craigslist.org,GSAS,UNIVERSITY_PROFESSOR
nuu2931,Florencia,Fianna,Domek,fdomek1j@webmd.com,BC,LECTURER
xil9914,Seamus,Chic,Orts,corts1k@census.gov,GS,PROFESSOR
upo6630,Lyndsay,Gerladina,Olle,golle1l@geocities.jp,EN,PROFESSOR
jgk8936,Cad,Sherlocke,Shirer,sshirer1m@desdev.cn,JN,PROFESSOR
jer7353,Bert,Prudi,Beaver,pbeaver1n@yahoo.co.jp,CPS,""
lfb9759,Vinnie,Grace,Fitchet,gfitchet1o@trellian.com,GS,ADJUNCT_PROFESSOR
uzv3297,Elliott,Sioux,Arr,sarr1p@spiegel.de,GSAS,ASSISTANT_PROFESSOR
dsx4157,Blake,Morissa,Gudgeon,mgudgeon1q@ifeng.com,CC,""
rdz1350,Kassi,Isak,Pybworth,ipybworth1r@mapy.cz,CPS,UNIVERSITY_PROFESSOR
lnf0998,Leann,Isahella,MacKim,imackim1s@yahoo.com,BC,ADJUNCT_PROFESSOR
nae7973,Andrey,Barrie,O'Coskerry,bocoskerry1t@dagondesign.com,CPS,UNIVERSITY_PROFESSOR
pnr7429,Richy,Dannie,Partlett,dpartlett1u@tripadvisor.com,JN,ADJUNCT_PROFESSOR
dbx2343,Nerti,Miquela,Buchanan,mbuchanan1v@google.com.hk,BC,UNIVERSITY_PROFESSOR
iok2671,Umberto,Kris,Vaillant,kvaillant1w@bluehost.com,CPS,ASSISTANT_PROFESSOR
xtj0616,Neely,Sherlock,Hairon,shairon1x@cbslocal.com,CC,ASSOCIATE_PROFESSOR
fot8892,Townie,Pearla,Joannic,pjoannic1y@umich.edu,CPS,ASSISTANT_PROFESSOR
tws7943,Filmore,Kristofor,Booeln,kbooeln1z@comsenz.com,GSAS,UNIVERSITY_PROFESSOR
bxo4149,Ophelia,Janella,Hallewell,jhallewell20@gizmodo.com,EP,PROFESSOR
ztw4483,Hashim,Zollie,Beasant,zbeasant21@independent.co.uk,EP,UNIVERSITY_PROFESSOR
iea9655,Fayth,Leontine,Baldcock,lbaldcock22@mlb.com,BU,UNIVERSITY_PROFESSOR
jcl1849,Livvyy,Leanora,Christoffe,lchristoffe23@t.co,BU,ASSOCIATE_PROFESSOR
zry7955,Deeyn,Kristofor,Grimmett,kgrimmett24@friendfeed.com,GS,""
iqj5734,Othilie,Auria,Dwyr,adwyr25@shareasale.com,BC,PROFESSOR
qna5546,Leone,Ashli,Winfindale,awinfindale26@dailymotion.com,GS,ASSISTANT_PROFESSOR
tpx0593,Meara,Jenna,Surcombe,jsurcombe27@go.com,BC,ASSISTANT_PROFESSOR
fuu9441,Alexandre,Kirbee,Budd,kbudd28@paypal.com,BU,LECTURER
zjl3466,Farley,Aubert,Peasgood,apeasgood29@nationalgeographic.com,CC,ASSISTANT_PROFESSOR
pxz3610,Mahmud,Ronica,Baldcock,rbaldcock2a@nih.gov,EN,UNIVERSITY_PROFESSOR
abc4669,Tyson,Aldus,Hiddersley,ahiddersley2b@theglobeandmail.com,GSAS,""
qen9806,Derwin,L;urette,Bugler,lbugler2c@cbslocal.com,CC,ADJUNCT_PROFESSOR
kss0350,Marwin,Cloe,Ledamun,cledamun2d@simplemachines.org,EN,""
msc5641,Kendrick,Salim,O'Glassane,soglassane2e@devhub.com,JN,ASSOCIATE_PROFESSOR
ohk2278,Jess,Ricoriki,Fugere,rfugere2f@skyrock.com,JN,ASSOCIATE_PROFESSOR
sqo3451,Elbertine,Felicio,Tremontana,ftremontana2g@list-manage.com,GS,ADJUNCT_PROFESSOR
sul8024,Andras,Wyatan,Spiers,wspiers2h@msn.com,BC,LECTURER
cyh4067,Skylar,Roberta,Kearle,rkearle2i@oracle.com,EN,LECTURER
zia0933,Sigrid,Godard,Ganiclef,gganiclef2j@arizona.edu,BU,PROFESSOR
uzc0151,Axel,Annaliese,Coats,acoats2k@networksolutions.com,BC,UNIVERSITY_PROFESSOR
abv7794,Candy,Rickey,Rugge,rrugge2l@google.co.uk,EN,ADJUNCT_PROFESSOR
htr4400,Arlen,Florencia,Audibert,faudibert2m@discovery.com,CC,UNIVERSITY_PROFESSOR
fcy9211,Roland,Wain,Deaton,wdeaton2n@edublogs.org,BC,""
luy3281,Lynnet,Aundrea,O'Callaghan,aocallaghan2o@timesonline.co.uk,CPS,ADJUNCT_PROFESSOR
xrz8770,Fidelia,Regan,Goundrill,rgoundrill2p@state.gov,EP,ADJUNCT_PROFESSOR
hbi9263,Sula,Cass,Zuker,czuker2q@si.edu,CC,LECTURER
qmt0240,Sanford,Karyn,Sharple,ksharple2r@privacy.gov.au,EN,PROFESSOR
ckb4913,Ingaborg,Bernadina,McCree,bmccree2s@mozilla.com,CPS,PROFESSOR
mzw2316,Kain,Erda,Kohlerman,ekohlerman2t@ebay.com,GS,ADJUNCT_PROFESSOR
prx3071,Ransom,Veriee,Springford,vspringford2u@webs.com,BU,UNIVERSITY_PROFESSOR
vds0911,Allx,Archibold,Ivanenko,aivanenko2v@cocolog-nifty.com,CPS,ADJUNCT_PROFESSOR
wkd3882,Mal,Cathlene,Le Marchand,clemarchand2w@cornell.edu,CC,PROFESSOR
dfg9435,Annabel,Dukie,Rosbrough,drosbrough2x@tmall.com,EP,ASSOCIATE_PROFESSOR
ocv3383,Rachele,Terrance,Sorrie,tsorrie2y@wiley.com,JN,LECTURER
rrq1724,Jo,Diane-marie,Brewers,dbrewers2z@bloglines.com,GS,ASSOCIATE_PROFESSOR
psl7570,Tammara,Lemar,Hartus,lhartus30@spiegel.de,GS,ASSOCIATE_PROFESSOR
cgb2404,Kile,Gennie,Ivain,givain31@exblog.jp,GSAS,""
jwd3204,Zorina,Maurise,Crossan,mcrossan32@businessweek.com,BU,UNIVERSITY_PROFESSOR
hzw5507,Glynnis,Yancy,McCarle,ymccarle33@comsenz.com,CC,LECTURER
cqd1739,Alisha,Harcourt,Nicely,hnicely34@berkeley.edu,CPS,ADJUNCT_PROFESSOR
jpo9456,Marisa,Harri,Fairpo,hfairpo35@umn.edu,JN,""
fpt1727,Selena,Myrtice,Males,mmales36@illinois.edu,CPS,PROFESSOR
iwj1068,Ozzy,Inger,Kollasch,ikollasch37@webmd.com,JN,PROFESSOR
mqj7261,Yvor,Virgil,Pherps,vpherps38@parallels.com,EN,""
gnf3200,Lucinda,Lari,Plait,lplait39@booking.com,BC,ASSOCIATE_PROFESSOR
rtv4171,Annabel,Obie,Dehm,odehm3a@creativecommons.org,BU,LECTURER
jdp0515,Maressa,Elaina,Hovert,ehovert3b@geocities.com,GSAS,PROFESSOR
qea6588,Christine,Naoma,Bess,nbess3c@topsy.com,EP,LECTURER
uar8081,Hewet,Malory,Pikhno,mpikhno3d@zimbio.com,BC,""
ssj2282,Ame,Weber,Howler,whowler3e@apple.com,CPS,ADJUNCT_PROFESSOR
bcr2112,Agnola,Tish,Yanson,tyanson3f@nydailynews.com,BU,ASSISTANT_PROFESSOR
yvw3187,Alonzo,Justus,Boram,jboram3g@ebay.com,EN,LECTURER
dxj4401,Carlotta,Turner,Tollfree,ttollfree3h@tmall.com,GS,ADJUNCT_PROFESSOR
ath4467,Calhoun,Trula,Trussler,ttrussler3i@nba.com,EN,ASSISTANT_PROFESSOR
rau3253,Krissie,Eirena,Hansie,ehansie3j@ebay.co.uk,CC,ADJUNCT_PROFESSOR
hlq1284,Siegfried,Errick,Gyngell,egyngell3k@answers.com,CPS,LECTURER
ucd8282,Krysta,Bili,Getcliffe,bgetcliffe3l@youtu.be,EP,ASSOCIATE_PROFESSOR
aly8827,Egor,Marcellus,Tivenan,mtivenan3m@linkedin.com,CC,LECTURER
ujp3898,Cary,Hobie,Glenwright,hglenwright3n@archive.org,EN,PROFESSOR
ejl4859,Gwendolin,Ashlie,Kinneally,akinneally3o@over-blog.com,EP,""
qvg1868,Katina,Christabel,Jannaway,cjannaway3p@ox.ac.uk,CPS,UNIVERSITY_PROFESSOR
zfv7777,Jermaine,Brandyn,Stinson,bstinson3q@chron.com,EP,LECTURER
dsf7064,Uriah,Gabbie,Darree,gdarree3r@va.gov,GSAS,ADJUNCT_PROFESSOR
vyx6409,Parry,Nonah,Learoyd,nlearoyd3s@acquirethisname.com,EP,PROFESSOR
hfq5776,Christiana,Gregorius,Enrique,genrique3t@wisc.edu,GS,LECTURER
ivt7309,Maurise,Corette,Beacom,cbeacom3u@icq.com,BC,ASSOCIATE_PROFESSOR
idh7376,Xenia,Geralda,Vlasin,gvlasin3v@reverbnation.com,EN,ASSISTANT_PROFESSOR
dqm4168,Trish,Craggy,Sponton,csponton3w@vkontakte.ru,EN,UNIVERSITY_PROFESSOR
uqg0976,Korella,Kay,Rioch,krioch3x@soup.io,CPS,ASSOCIATE_PROFESSOR
epp2070,Maxine,Arabel,Courson,acourson3y@oracle.com,EN,LECTURER
wap6832,Everett,Debi,Blackburn,dblackburn3z@typepad.com,GS,LECTURER
vko4681,Conroy,Lincoln,Crandon,lcrandon40@amazon.com,EN,LECTURER
ilf3364,Jessamine,Verine,Twigge,vtwigge41@chron.com,BC,ADJUNCT_PROFESSOR
nos4635,Rollins,Lucien,Ringsell,lringsell42@flavors.me,BC,UNIVERSITY_PROFESSOR
pas5843,Sibel,Vanny,McGing,vmcging43@live.com,EN,ASSISTANT_PROFESSOR
vvf5784,Celeste,Demetrius,Pouck,dpouck44@irs.gov,CPS,ASSOCIATE_PROFESSOR
rcj1488,Quincey,Ichabod,McGavin,imcgavin45@shutterfly.com,BC,ASSOCIATE_PROFESSOR
mje2729,Natty,Philbert,Daveley,pdaveley46@ucoz.com,GSAS,ASSISTANT_PROFESSOR
san1596,Issiah,Eimile,Errol,eerrol47@phpbb.com,EP,ASSISTANT_PROFESSOR
qle6917,Joya,Ann,Porter,aporter48@reverbnation.com,BU,ASSOCIATE_PROFESSOR
umw0306,Edik,Gage,McGilvray,gmcgilvray49@sfgate.com,BU,UNIVERSITY_PROFESSOR
mqk0653,Wileen,Issy,Muschette,imuschette4a@wunderground.com,BC,PROFESSOR
jsw9805,Fabian,Laurie,Nono,lnono4b@meetup.com,EP,""
lqh8998,Walt,Randolph,Carvil,rcarvil4c@sohu.com,CPS,ADJUNCT_PROFESSOR
mft3673,Paddy,Melinda,Kiddle,mkiddle4d@whitehouse.gov,GSAS,ASSOCIATE_PROFESSOR
xmc1330,Reynolds,Fifi,Oxshott,foxshott4e@ucoz.ru,EN,""
mnt5147,Lise,Penelopa,Lemery,plemery4f@wunderground.com,CC,LECTURER
pls3561,Aldus,Verena,Creasy,vcreasy4g@nps.gov,GS,LECTURER
cym7075,Pedro,Lamar,Kingsly,lkingsly4h@bbc.co.uk,CC,ASSOCIATE_PROFESSOR
gyx3003,Peggi,Neil,Giffon,ngiffon4i@bbc.co.uk,BU,UNIVERSITY_PROFESSOR
ust7448,Caro,Galven,Rosenfrucht,grosenfrucht4j@nih.gov,JN,""
jto5839,Revkah,Em,Mulkerrins,emulkerrins4k@joomla.org,EP,ASSISTANT_PROFESSOR
nld2770,Donal,Seymour,Yeomans,syeomans4l@mayoclinic.com,CPS,ADJUNCT_PROFESSOR
gye6762,Carmella,Sarge,Salla,ssalla4m@pen.io,JN,LECTURER
oyd2607,Yolanthe,Babbette,Easeman,beaseman4n@cmu.edu,CPS,PROFESSOR
emq3939,Nollie,Simon,O'Dreain,sodreain4o@angelfire.com,EP,PROFESSOR
blv5666,Emmott,Jolynn,McGiffin,jmcgiffin4p@issuu.com,GS,ADJUNCT_PROFESSOR
rjm8943,Dougie,Benjie,McAuslene,bmcauslene4q@google.co.jp,GSAS,UNIVERSITY_PROFESSOR
bwy3782,Theresa,Galvin,Gideon,ggideon4r@usda.gov,JN,LECTURER
mjm6383,Brew,Palmer,Audus,paudus4s@github.io,CC,ASSISTANT_PROFESSOR
wif7905,Yule,Barrett,Serridge,bserridge4t@weebly.com,JN,ASSISTANT_PROFESSOR
bwf1904,Weidar,Hazel,Hurrion,hhurrion4u@reuters.com,BC,""
fgc3373,Celinka,Oralee,Haitlie,ohaitlie4v@walmart.com,GS,ASSISTANT_PROFESSOR
dui9387,Esdras,Jonathan,Piaggia,jpiaggia4w@dagondesign.com,CPS,""
xyr6187,Clarinda,Bink,Marcome,bmarcome4x@princeton.edu,CPS,ASSISTANT_PROFESSOR
hhk1782,Christophe,Vance,Eley,veley4y@techcrunch.com,BC,ASSOCIATE_PROFESSOR
ojb1134,Ganny,Karrah,Assender,kassender4z@bing.com,EN,UNIVERSITY_PROFESSOR
omw2984,Alexine,Rhys,Marcoolyn,rmarcoolyn50@opensource.org,EP,ASSOCIATE_PROFESSOR
kra0410,Husain,Kienan,Golightly,kgolightly51@dropbox.com,CPS,ADJUNCT_PROFESSOR
jyr5515,Hildy,Phedra,Lindmark,plindmark52@networkadvertising.org,JN,LECTURER
api9252,Fax,Laverne,Godby,lgodby53@prnewswire.com,GSAS,ASSOCIATE_PROFESSOR
fkr0994,Lyssa,Netty,Suthworth,nsuthworth54@hugedomains.com,EP,LECTURER
pno8119,Candida,Kordula,Simonassi,ksimonassi55@businesswire.com,BU,ASSOCIATE_PROFESSOR
ezu7509,Kaela,Tracy,Binning,tbinning56@berkeley.edu,EN,LECTURER
qud2170,Fayth,Ellswerth,Cogdell,ecogdell57@bbb.org,EN,LECTURER
csn4592,Pierce,Alfie,Carlton,acarlton58@irs.gov,CPS,ASSOCIATE_PROFESSOR
onk9860,Bethina,Loydie,Wroath,lwroath59@salon.com,CPS,UNIVERSITY_PROFESSOR
lvb5306,Lin,Layton,Walisiak,lwalisiak5a@google.nl,EP,ASSISTANT_PROFESSOR
jcy0584,Kyrstin,Paige,Pulteneye,ppulteneye5b@princeton.edu,GSAS,""
jeb1119,Kyle,Allayne,Swait,aswait5c@about.com,EN,ADJUNCT_PROFESSOR
qik1501,Stearne,Dianne,Mallindine,dmallindine5d@sina.com.cn,CPS,LECTURER
zml3246,Mindy,Devina,Setter,dsetter5e@go.com,BC,""
blx2058,Hilly,Doyle,Mouatt,dmouatt5f@ask.com,BC,ADJUNCT_PROFESSOR
yek9461,Brana,Devin,Longdon,dlongdon5g@hibu.com,CPS,LECTURER
xqf8428,Brear,Eziechiele,Bettley,ebettley5h@blogspot.com,EN,ASSISTANT_PROFESSOR
tcq9540,Herta,Munroe,Laughlan,mlaughlan5i@moonfruit.com,EN,LECTURER
rpb2441,Nikolai,Remy,Tresler,rtresler5j@stanford.edu,EP,ASSISTANT_PROFESSOR
tfz9945,Renado,Mata,Fawthorpe,mfawthorpe5k@washington.edu,EN,LECTURER
iyq8606,Jules,Alastair,Thorburn,athorburn5l@live.com,EP,ASSISTANT_PROFESSOR
wmk5120,Burty,Phip,Elgie,pelgie5m@booking.com,EN,""
cpu4820,Torrence,Cobbie,Vince,cvince5n@google.com.hk,GSAS,ASSISTANT_PROFESSOR
ram3691,Bobinette,Flinn,Lilburn,flilburn5o@usgs.gov,BC,UNIVERSITY_PROFESSOR
vhc2491,Ewell,Erskine,Geri,egeri5p@fastcompany.com,BC,ASSISTANT_PROFESSOR
eba1362,Cart,Kathye,Dewerson,kdewerson5q@multiply.com,BC,LECTURER
zmc4117,Kit,Zacharias,Lovewell,zlovewell5r@examiner.com,BU,PROFESSOR
znw6417,Florette,Sherwood,Freestone,sfreestone5s@yelp.com,EP,ADJUNCT_PROFESSOR
jhg8664,Putnam,Bobbi,Stannas,bstannas5t@trellian.com,GS,""
jkv3182,Alfreda,Cleon,Buscher,cbuscher5u@typepad.com,JN,ADJUNCT_PROFESSOR
vmd4607,Hamilton,Zachary,Sleight,zsleight5v@shutterfly.com,BU,UNIVERSITY_PROFESSOR
wva5107,Fairfax,Arlyne,Marikhin,amarikhin5w@harvard.edu,BU,PROFESSOR
fut7062,Justino,Steward,Kuhnt,skuhnt5x@i2i.jp,GS,UNIVERSITY_PROFESSOR
qxz7213,Lise,Cullan,Jedrzejczak,cjedrzejczak5y@sakura.ne.jp,CC,""
yjd9556,Carson,Cyrille,Dahmel,cdahmel5z@wikispaces.com,CPS,ASSISTANT_PROFESSOR
nln8864,Milo,Cecilio,Dockwray,cdockwray60@pinterest.com,GSAS,ASSOCIATE_PROFESSOR
hil4314,Charin,Van,Hayler,vhayler61@slideshare.net,EP,UNIVERSITY_PROFESSOR
wgb1289,Geri,Elane,Aynscombe,eaynscombe62@diigo.com,BC,""
shp8317,Jeni,Yance,Bednall,ybednall63@gnu.org,EP,ASSOCIATE_PROFESSOR
coh4094,Louisa,Luella,Casado,lcasado64@acquirethisname.com,BC,ADJUNCT_PROFESSOR
kck1471,Hilarius,Georgetta,Mussard,gmussard65@virginia.edu,BU,""
uum1172,Hestia,Mina,Benallack,mbenallack66@cbc.ca,CC,ASSISTANT_PROFESSOR
jsm4564,Frankie,Elias,Dobeson,edobeson67@japanpost.jp,EN,LECTURER
bsy1232,Valry,Juliette,Rawll,jrawll68@house.gov,CC,ADJUNCT_PROFESSOR
vqq9106,Fraser,Hasheem,Grece,hgrece69@nbcnews.com,GS,LECTURER
hls8358,Kassey,Brenda,McCluskey,bmccluskey6a@bizjournals.com,BC,ADJUNCT_PROFESSOR
kaw4350,Derwin,Sheri,Sproston,ssproston6b@deviantart.com,EP,ADJUNCT_PROFESSOR
jsj5122,Chan,Sinclair,Sprowell,ssprowell6c@businessweek.com,JN,ADJUNCT_PROFESSOR
ytg5489,Stella,Grannie,Josskoviz,gjosskoviz6d@printfriendly.com,BU,ADJUNCT_PROFESSOR
vgx6125,Philipa,Gonzales,Angrove,gangrove6e@devhub.com,GSAS,PROFESSOR
srg7856,Athene,Rivi,Pinchen,rpinchen6f@bravesites.com,JN,UNIVERSITY_PROFESSOR
wvv1233,Reagen,Jeffry,Clendinning,jclendinning6g@cyberchimps.com,CC,ADJUNCT_PROFESSOR
taq4228,Lorine,Brendan,Fosdyke,bfosdyke6h@dedecms.com,GS,LECTURER
awf7505,Esther,Gerry,Toop,gtoop6i@illinois.edu,BC,ASSISTANT_PROFESSOR
aqe1401,Lars,Verge,Bettley,vbettley6j@zimbio.com,BC,PROFESSOR
pvj2983,Xever,Jarrid,Mico,jmico6k@businesswire.com,GSAS,ADJUNCT_PROFESSOR
wzg7153,Adora,Trudi,Vella,tvella6l@freewebs.com,GS,ASSISTANT_PROFESSOR
kwb8383,Thaine,Chantal,Jackling,cjackling6m@npr.org,JN,ADJUNCT_PROFESSOR
evj6012,Sydelle,Cally,Weston,cweston6n@comcast.net,BC,UNIVERSITY_PROFESSOR
fnu0094,Gene,Garrik,Rayson,grayson6o@ucla.edu,EP,ASSOCIATE_PROFESSOR
uqq8878,Arielle,Tad,Beeckx,tbeeckx6p@paypal.com,EP,UNIVERSITY_PROFESSOR
yls3309,Forrester,Chantal,Bambrough,cbambrough6q@upenn.edu,EN,LECTURER
qfp7688,Caron,Lane,Cutajar,lcutajar6r@stanford.edu,CC,PROFESSOR
uge1914,Flory,Althea,Antonchik,aantonchik6s@joomla.org,BU,UNIVERSITY_PROFESSOR
awe5543,Burr,Valeda,O'Luney,voluney6t@cbslocal.com,BC,""
jxh2197,Jo,North,Statter,nstatter6u@photobucket.com,JN,ASSOCIATE_PROFESSOR
kzc3895,Arvie,Latrena,Huguet,lhuguet6v@wikipedia.org,BC,ASSISTANT_PROFESSOR
kcc2331,Sarah,Evelina,Bedingfield,ebedingfield6w@exblog.jp,EN,PROFESSOR
wtd4244,Deina,Odo,Karolewski,okarolewski6x@hugedomains.com,BU,ASSISTANT_PROFESSOR
ovv5544,Andre,Minnnie,Pizer,mpizer6y@patch.com,CPS,LECTURER
lpm6676,Torrie,Mohandas,Eaken,meaken6z@ted.com,CC,ADJUNCT_PROFESSOR
jpg5384,Lyndel,Justine,Loomis,jloomis70@msu.edu,GSAS,""
sjs3000,Ethelbert,Robinett,Ughini,rughini71@google.it,EN,PROFESSOR
pyc7451,Lorens,Ardenia,Doughartie,adoughartie72@independent.co.uk,BU,UNIVERSITY_PROFESSOR
zdd0536,Romola,Taddeo,Dansie,tdansie73@comcast.net,BC,ASSISTANT_PROFESSOR
dgf6511,Lorna,Billy,Yarrington,byarrington74@house.gov,GSAS,PROFESSOR
smb2144,Storm,Mayne,Nabbs,mnabbs75@un.org,CC,ASSOCIATE_PROFESSOR
blb5115,Bessie,Di,Bonhan,dbonhan76@yellowbook.com,GSAS,LECTURER
rpk1602,Wallie,Garrick,Lorente,glorente77@i2i.jp,EN,ADJUNCT_PROFESSOR
dga4683,Elysee,Phillida,De Vaan,pdevaan78@multiply.com,BU,""
mra6638,Florrie,Lemmie,Vanstone,lvanstone79@facebook.com,GSAS,""
vfd4750,Trixy,Tori,Sitlington,tsitlington7a@fda.gov,GSAS,ASSOCIATE_PROFESSOR
cgk2746,Bernice,Redd,Beaulieu,rbeaulieu7b@state.tx.us,EN,PROFESSOR
jqq8378,Polly,Nellie,Strowan,nstrowan7c@blogs.com,BU,""
wzn9525,Saunders,Henrik,Hoovart,hhoovart7d@salon.com,BU,""
dos7303,Floris,Eula,McGeever,emcgeever7e@google.nl,EN,ASSOCIATE_PROFESSOR
het9381,Laurene,Eberhard,Castellan,ecastellan7f@unc.edu,CPS,ADJUNCT_PROFESSOR
wko9519,Cicely,Cara,Kellet,ckellet7g@macromedia.com,BC,PROFESSOR
ehg1650,Grantham,Lindie,Hatwell,lhatwell7h@delicious.com,BU,LECTURER
vla1494,Randene,Washington,Rocca,wrocca7i@infoseek.co.jp,EP,ASSISTANT_PROFESSOR
zft1970,Zachary,Urson,Sawyers,usawyers7j@netlog.com,JN,ADJUNCT_PROFESSOR
sip4614,Kattie,Emmit,Duligall,eduligall7k@cdbaby.com,JN,UNIVERSITY_PROFESSOR
pty4572,Ruperto,Silvester,Boulden,sboulden7l@msu.edu,EP,PROFESSOR
ocf6902,Anderea,Shena,Sholl,ssholl7m@java.com,BC,ASSOCIATE_PROFESSOR
hxa1813,Ellyn,Lon,Hartle,lhartle7n@e-recht24.de,EN,UNIVERSITY_PROFESSOR
aqx7046,Ermin,Cloe,Steggles,csteggles7o@csmonitor.com,JN,ADJUNCT_PROFESSOR
btn1563,Donnell,Bobbie,Hulburt,bhulburt7p@myspace.com,GS,ASSOCIATE_PROFESSOR
sql6470,Lauree,Bettina,Santo,bsanto7q@yelp.com,EP,LECTURER
lbm8941,Britt,Ophelie,Stocker,ostocker7r@infoseek.co.jp,CC,PROFESSOR
gfq1958,Zarla,Norah,Keneford,nkeneford7s@alibaba.com,EN,ASSOCIATE_PROFESSOR
agt9160,Waldon,Erwin,Jacmar,ejacmar7t@senate.gov,JN,ADJUNCT_PROFESSOR
pbp0745,Kinny,Chucho,Bleackley,cbleackley7u@tripadvisor.com,BU,ASSISTANT_PROFESSOR
vlj8600,Egan,Victoria,Cornes,vcornes7v@mashable.com,BU,ASSISTANT_PROFESSOR
upc1317,Giulio,Chickie,Staddon,cstaddon7w@virginia.edu,GSAS,LECTURER
zoy2320,Igor,Adey,Tewkesberry,atewkesberry7x@eventbrite.com,CPS,LECTURER
hvp6384,Micki,Lesya,Johnke,ljohnke7y@wix.com,GS,ASSISTANT_PROFESSOR
mmq7987,Marga,Bern,Terne,bterne7z@icio.us,EP,UNIVERSITY_PROFESSOR
kbf5681,Gennie,Ann-marie,Lavallin,alavallin80@mysql.com,JN,LECTURER
ktr5054,Hilary,Yvonne,Duer,yduer81@chron.com,BC,""
jll1893,Sinclair,Marthena,Rubertelli,mrubertelli82@cnn.com,GS,PROFESSOR
zem1331,Dasi,Steven,Gascone,sgascone83@facebook.com,GS,""
ued0386,Frederick,Edlin,Bummfrey,ebummfrey84@blogspot.com,JN,""
wij2483,Sergei,Konstance,Vaugham,kvaugham85@123-reg.co.uk,EN,LECTURER
oct8538,Reid,Micheal,Wraith,mwraith86@vkontakte.ru,BU,PROFESSOR
nys1465,Mirabella,Torr,Wales,twales87@paginegialle.it,BC,LECTURER
fsa5942,Aretha,Nonah,Cowey,ncowey88@etsy.com,GSAS,LECTURER
nyp0810,Seymour,Uriah,Scupham,uscupham89@joomla.org,BU,LECTURER
epo8088,Nalani,Jojo,Storck,jstorck8a@dedecms.com,CC,UNIVERSITY_PROFESSOR
yqe4721,Lark,Tandy,Kalinsky,tkalinsky8b@si.edu,EN,""
whg6789,Foss,Berkeley,Mathie,bmathie8c@mysql.com,EN,PROFESSOR
ynq4451,Delmar,Honey,Halm,hhalm8d@home.pl,BC,LECTURER
ovo5882,Odie,Clyve,Giamo,cgiamo8e@qq.com,BC,ADJUNCT_PROFESSOR
btz5282,Erny,Horace,Shower,hshower8f@ustream.tv,BU,ADJUNCT_PROFESSOR
wci2150,Anne-corinne,Ewen,O'Neary,eoneary8g@rakuten.co.jp,BC,""
qey4369,Bridgette,Ermengarde,Cianni,ecianni8h@artisteer.com,GS,UNIVERSITY_PROFESSOR
yom2163,Doti,Foster,Greeve,fgreeve8i@tinypic.com,CC,""
rfe1161,Carter,Ludvig,Gilbertson,lgilbertson8j@paginegialle.it,EN,ADJUNCT_PROFESSOR
hid7277,Britt,Merle,Fidelus,mfidelus8k@chronoengine.com,EP,ADJUNCT_PROFESSOR
dpd4533,Humphrey,Warde,Lucy,wlucy8l@census.gov,EN,ASSISTANT_PROFESSOR
lvg3306,Coral,Joel,Bellini,jbellini8m@phoca.cz,EN,UNIVERSITY_PROFESSOR
kpp6168,Amye,Blondelle,Jakeway,bjakeway8n@aol.com,CPS,LECTURER
oqx7862,Zonda,Lucilia,Codd,lcodd8o@clickbank.net,GS,PROFESSOR
ujx9974,Lavena,Mavra,Frostdick,mfrostdick8p@cnbc.com,EP,LECTURER
tey7594,Christoph,Roderigo,Bodesson,rbodesson8q@sciencedirect.com,CPS,""
kpc8343,Emelia,Winnie,Barden,wbarden8r@a8.net,EP,UNIVERSITY_PROFESSOR
een5696,Myer,Bob,Shotboulte,bshotboulte8s@nhs.uk,JN,UNIVERSITY_PROFESSOR
ubb9780,Juan,Pru,Bussen,pbussen8t@elegantthemes.com,BU,""
dzr6009,Caralie,Magda,Cunliffe,mcunliffe8u@eventbrite.com,CC,LECTURER
gsb5526,Bethena,Zuzana,Frigot,zfrigot8v@etsy.com,BU,""
hvd7145,Ole,Hugh,Ruddy,hruddy8w@list-manage.com,BU,ASSOCIATE_PROFESSOR
zfy4879,Knox,Aviva,Heinle,aheinle8x@umn.edu,CC,ASSISTANT_PROFESSOR
kox1991,L;urette,Zachariah,Notti,znotti8y@berkeley.edu,GSAS,ASSOCIATE_PROFESSOR
ycp3422,Harbert,Lorrie,Fantin,lfantin8z@yelp.com,CPS,ASSISTANT_PROFESSOR
ncs8807,Sheri,Darcie,Meddows,dmeddows90@amazon.com,GS,UNIVERSITY_PROFESSOR
ezr0439,Bendite,Rachel,Pickersail,rpickersail91@arstechnica.com,EP,UNIVERSITY_PROFESSOR
ezx4715,Josias,Skell,Bernholt,sbernholt92@sohu.com,JN,PROFESSOR
hvo3125,Nani,Leena,Auletta,lauletta93@mtv.com,CC,LECTURER
ssq2561,Carolus,Wang,Tidman,wtidman94@lycos.com,JN,""
ltt1723,Elnora,Barri,Jahn,bjahn95@privacy.gov.au,GSAS,ADJUNCT_PROFESSOR
lnf3839,Felicity,Ansell,Bellow,abellow96@apache.org,EN,UNIVERSITY_PROFESSOR
lmu1560,Cosme,Daryl,McAlees,dmcalees97@umich.edu,GSAS,UNIVERSITY_PROFESSOR
pdv0498,Tyler,Sari,Jesse,sjesse98@biglobe.ne.jp,EP,ADJUNCT_PROFESSOR
oar7301,Konrad,Toby,Huntar,thuntar99@usgs.gov,JN,ADJUNCT_PROFESSOR
hqb8775,Griffy,Kim,Boate,kboate9a@wunderground.com,EN,ASSOCIATE_PROFESSOR
azd0178,Meriel,Lavinia,Lunt,llunt9b@drupal.org,BC,UNIVERSITY_PROFESSOR
pfv4645,Damon,Emlen,Escale,eescale9c@ft.com,CPS,ASSOCIATE_PROFESSOR
djf7045,Louie,Terrye,Whylie,twhylie9d@sphinn.com,GS,""
fav7869,Frederick,Shana,Saundercock,ssaundercock9e@exblog.jp,EP,ASSISTANT_PROFESSOR
zdf9788,Tessy,Jakob,Neilus,jneilus9f@unc.edu,CPS,ADJUNCT_PROFESSOR
mpq9263,Dacey,Myrtice,Mannin,mmannin9g@nba.com,GSAS,LECTURER
dqh5716,Di,Janos,Sattin,jsattin9h@nhs.uk,BC,ASSOCIATE_PROFESSOR
eie7946,Zared,Ingemar,Schubert,ischubert9i@uol.com.br,CPS,LECTURER
xrb8471,Marve,Ayn,Findlay,afindlay9j@tinypic.com,JN,ASSISTANT_PROFESSOR
zve0609,Beryl,Marieann,Claussen,mclaussen9k@addthis.com,BU,PROFESSOR
bps9632,Elyse,Kacy,Beever,kbeever9l@livejournal.com,GSAS,LECTURER
kpq7432,Arv,Zolly,Pollen,zpollen9m@scribd.com,EP,UNIVERSITY_PROFESSOR
mvx8803,Bendick,Stafani,Ogelsby,sogelsby9n@w3.org,JN,ASSISTANT_PROFESSOR
rcl1614,Lorilyn,Doralin,Housden,dhousden9o@diigo.com,JN,ADJUNCT_PROFESSOR
xwm5758,Madelle,Barty,Coulthard,bcoulthard9p@amazonaws.com,BU,ASSISTANT_PROFESSOR
wrg7029,Stanwood,Arthur,Mullinger,amullinger9q@ocn.ne.jp,GSAS,ASSISTANT_PROFESSOR
ivz9770,Chrotoem,Dwain,Kobelt,dkobelt9r@nymag.com,CPS,ASSISTANT_PROFESSOR
ktf5454,Fancie,Lonni,Blueman,lblueman9s@nytimes.com,GS,ASSISTANT_PROFESSOR
kwl8962,Ivory,Darcey,Sponder,dsponder9t@rambler.ru,GS,ASSOCIATE_PROFESSOR
ref7618,Gonzales,Candie,Daudray,cdaudray9u@springer.com,GSAS,ASSISTANT_PROFESSOR
evh1809,Stephen,Elmo,Linnett,elinnett9v@globo.com,GSAS,ASSOCIATE_PROFESSOR
kjd9898,Donnamarie,Inez,Welden,iwelden9w@dagondesign.com,BU,ADJUNCT_PROFESSOR
vyt1941,Nadine,Ariel,Marxsen,amarxsen9x@amazon.de,GSAS,PROFESSOR
eeo1757,Danyelle,Morty,O'Scully,moscully9y@engadget.com,BC,ASSOCIATE_PROFESSOR
oxp5306,Reinwald,Pierre,Amberg,pamberg9z@youtu.be,EP,""
lfx2110,Karena,Claudetta,Semens,csemensa0@deliciousdays.com,JN,UNIVERSITY_PROFESSOR
fzq6970,Benedikt,Daryl,Blackmuir,dblackmuira1@rambler.ru,GSAS,PROFESSOR
uzk3014,Claiborn,Gabriell,Cicchelli,gcicchellia2@google.it,EP,ASSOCIATE_PROFESSOR
rpg3517,Ferne,Kent,Enevold,kenevolda3@umich.edu,GSAS,ADJUNCT_PROFESSOR
efz1432,Waylen,Genvieve,Bedo,gbedoa4@studiopress.com,EN,UNIVERSITY_PROFESSOR
ncd8235,Preston,Towney,Torel,ttorela5@feedburner.com,GSAS,ADJUNCT_PROFESSOR
vjc5315,Kinna,Dewie,Martindale,dmartindalea6@umn.edu,GS,UNIVERSITY_PROFESSOR
nsk4432,Mabelle,Teirtza,Creenan,tcreenana7@skyrock.com,CC,LECTURER
bzl3786,Humfried,Terrell,Bramwich,tbramwicha8@nba.com,GS,UNIVERSITY_PROFESSOR
vuh1391,Dennie,Maureene,Tenwick,mtenwicka9@shinystat.com,BU,PROFESSOR
tkp5165,Debor,Guinevere,Benam,gbenamaa@comcast.net,EN,ADJUNCT_PROFESSOR
tiq4942,Eleonore,Cly,Kier,ckierab@mozilla.org,JN,ADJUNCT_PROFESSOR
baq3904,Rubia,Jaquith,Giannazzi,jgiannazziac@g.co,JN,ADJUNCT_PROFESSOR
dqm6964,Arri,Guillermo,Crilley,gcrilleyad@friendfeed.com,EN,""
fav7219,Orlando,Laureen,Pagnin,lpagninae@columbia.edu,BC,ASSOCIATE_PROFESSOR
ynh0664,Elfie,Izzy,O'Connor,ioconnoraf@com.com,CPS,""
ndj6457,Aylmar,Korey,Okey,kokeyag@wix.com,JN,ASSOCIATE_PROFESSOR
kxf2443,Dot,Delmar,Sauven,dsauvenah@list-manage.com,JN,ADJUNCT_PROFESSOR
hot8575,Odell,Willabella,De Maria,wdemariaai@facebook.com,BC,ASSISTANT_PROFESSOR
zeb6476,Karyl,Raven,Langton,rlangtonaj@lulu.com,GSAS,ASSOCIATE_PROFESSOR
oxm0788,Jenn,Julianne,Gun,jgunak@discovery.com,CC,PROFESSOR
nam6491,Morris,Pippo,Faulkener,pfaulkeneral@clickbank.net,GSAS,ADJUNCT_PROFESSOR
xjb2682,Orlando,Dore,Pisco,dpiscoam@indiatimes.com,GS,""
tst4428,Humfried,Liam,McKinna,lmckinnaan@liveinternet.ru,CPS,ASSISTANT_PROFESSOR
jjd5296,Enrique,Rois,Sitlinton,rsitlintonao@thetimes.co.uk,CPS,LECTURER
fds0183,Gris,Celia,Sawday,csawdayap@sciencedirect.com,CC,ADJUNCT_PROFESSOR
tjc7428,Katherine,Tilda,Durram,tdurramaq@si.edu,CPS,PROFESSOR
ozk2354,Crissie,Berton,Niles,bnilesar@eventbrite.com,EN,LECTURER
qps2310,Gonzales,Genna,Johnes,gjohnesas@delicious.com,GSAS,PROFESSOR
nqs2350,Garrott,Arnie,Penni,apenniat@about.me,EP,ASSISTANT_PROFESSOR
eyt5709,Arlina,Bonnie,Cecere,bcecereau@baidu.com,EN,PROFESSOR
njf4190,Kimbell,Meriel,Sprulls,msprullsav@godaddy.com,EP,ASSISTANT_PROFESSOR
pwj5622,Willi,Nonie,Pauel,npauelaw@aol.com,EN,ASSOCIATE_PROFESSOR
hij0671,Lissi,Derwin,Mannix,dmannixax@umich.edu,GS,""
fbe6567,Adelaida,Feliza,Stronghill,fstronghillay@google.com.hk,BU,ADJUNCT_PROFESSOR
svc4935,Lock,Timmy,Maddyson,tmaddysonaz@japanpost.jp,CPS,PROFESSOR
msa7810,Tessa,Constantina,McGoon,cmcgoonb0@amazon.co.jp,GSAS,""
nry0097,Pincus,Freda,Darridon,fdarridonb1@e-recht24.de,CPS,""
zli2584,Florance,Bealle,Dunford,bdunfordb2@dagondesign.com,BU,ASSOCIATE_PROFESSOR
hts9836,Erina,Nadine,Benedyktowicz,nbenedyktowiczb3@wix.com,CC,UNIVERSITY_PROFESSOR
gko2666,Toiboid,Cully,Ruane,cruaneb4@indiatimes.com,BC,LECTURER
rnf0326,Francine,Alexandra,Ugoletti,augolettib5@parallels.com,JN,""
sdk8517,Rose,Lonnard,Piscotti,lpiscottib6@home.pl,BC,UNIVERSITY_PROFESSOR
sbn0507,Berk,Carma,Zanussii,czanussiib7@amazon.com,BC,LECTURER
hlw4909,Amandi,Mia,Liquorish,mliquorishb8@amazon.de,JN,ASSOCIATE_PROFESSOR
vox2028,Adelind,Shermie,Shillinglaw,sshillinglawb9@mozilla.com,EN,""
qgr8362,Berti,Ginny,Kniveton,gknivetonba@buzzfeed.com,CC,UNIVERSITY_PROFESSOR
lni3207,Madlen,Chrissy,Soares,csoaresbb@epa.gov,JN,ASSISTANT_PROFESSOR
uog0717,Lee,Carrol,Vance,cvancebc@de.vu,EP,UNIVERSITY_PROFESSOR
kgk0758,Ilise,Lorant,Ambrosi,lambrosibd@rambler.ru,CPS,UNIVERSITY_PROFESSOR
muj3953,Charissa,Allyn,Argo,aargobe@theglobeandmail.com,CC,PROFESSOR
dsc4216,Silvana,Aluino,Rasch,araschbf@ox.ac.uk,CPS,PROFESSOR
ioy9285,Dyan,Mick,Caccavale,mcaccavalebg@de.vu,BC,ASSISTANT_PROFESSOR
ibt4885,Nerti,Trula,Blazey,tblazeybh@wikipedia.org,GS,PROFESSOR
cnv8613,Niccolo,Lotty,Osipenko,losipenkobi@jimdo.com,GSAS,LECTURER
xyg5926,Steffen,Lavinia,Sarfas,lsarfasbj@google.fr,JN,PROFESSOR
six9795,Wes,Grannie,Stegell,gstegellbk@forbes.com,CC,""
wxr8140,Amity,Bonny,Dibbert,bdibbertbl@archive.org,BU,UNIVERSITY_PROFESSOR
ero8720,Monte,Ken,Despenser,kdespenserbm@pbs.org,JN,""
lip0573,Nobe,Kissie,Fairholm,kfairholmbn@eventbrite.com,GS,LECTURER
mwt2644,Harris,Quinlan,Juhruke,qjuhrukebo@patch.com,GSAS,""
kes1185,Demott,Lane,Holliar,lholliarbp@thetimes.co.uk,EP,ADJUNCT_PROFESSOR
ebn9459,Fraser,Dot,Frushard,dfrushardbq@tuttocitta.it,GS,PROFESSOR
dcv1828,Catriona,Ilise,Breed,ibreedbr@vimeo.com,GS,PROFESSOR
zaj0841,Noelyn,Flo,Hartnell,fhartnellbs@networksolutions.com,CC,UNIVERSITY_PROFESSOR
qrp9132,Selma,Jereme,Slocum,jslocumbt@time.com,BC,ASSISTANT_PROFESSOR
ymo5111,Jeromy,Kylie,Geeraert,kgeeraertbu@tuttocitta.it,CPS,LECTURER
fci6420,Fairfax,Abraham,Mettrick,amettrickbv@wunderground.com,CC,""
eoy5455,Gilles,Eliza,Satterfitt,esatterfittbw@acquirethisname.com,CC,ASSISTANT_PROFESSOR
kgf1827,Hillel,Vikky,MacGaffey,vmacgaffeybx@buzzfeed.com,GSAS,""
lmr0902,Bondy,Mead,Ewles,mewlesby@wikimedia.org,GSAS,ASSOCIATE_PROFESSOR
wew4329,Godiva,Sasha,Lennard,slennardbz@google.ru,GS,ASSOCIATE_PROFESSOR
ugm5410,Gerrie,Mora,Guillard,mguillardc0@xing.com,EN,LECTURER
abf4902,Reta,Windy,Pullar,wpullarc1@yelp.com,EP,ASSOCIATE_PROFESSOR
fpn5427,Rozanna,Waite,Dungey,wdungeyc2@soup.io,GS,PROFESSOR
nyq2957,Melina,Kelly,Wilcock,kwilcockc3@chron.com,BU,ASSISTANT_PROFESSOR
jvp9750,Gregor,Aristotle,Thoms,athomsc4@narod.ru,BU,PROFESSOR
coy1359,Ulrikaumeko,Lolita,Greenin,lgreeninc5@google.co.uk,GSAS,ADJUNCT_PROFESSOR
khq2963,Addie,Janice,Driffill,jdriffillc6@dion.ne.jp,CC,ASSOCIATE_PROFESSOR
llj5987,Bail,Murvyn,Scholig,mscholigc7@odnoklassniki.ru,JN,PROFESSOR
lnu0254,Vivianne,Suzanna,Starten,sstartenc8@unicef.org,EN,ADJUNCT_PROFESSOR
fps8199,David,Andie,Lunny,alunnyc9@twitter.com,CPS,""
mmt0988,Danyelle,Benita,Cicero,bciceroca@ftc.gov,GSAS,ASSISTANT_PROFESSOR
coj1959,Carie,Cass,Kohrs,ckohrscb@woothemes.com,CC,LECTURER
pcx9100,Millisent,Jillie,Comberbach,jcomberbachcc@hexun.com,GSAS,LECTURER
ohi9238,Corabelle,Martha,Witnall,mwitnallcd@nba.com,CPS,PROFESSOR
wcq3038,Gilemette,Mozelle,Moylane,mmoylanece@jiathis.com,BU,ASSOCIATE_PROFESSOR
jhc0853,Bethina,Judi,Radeliffe,jradeliffecf@craigslist.org,EP,ADJUNCT_PROFESSOR
xbb4986,Allyn,Imelda,Allewell,iallewellcg@goodreads.com,JN,ASSOCIATE_PROFESSOR
oel7942,Adam,Sheffy,Coplestone,scoplestonech@home.pl,GSAS,UNIVERSITY_PROFESSOR
gps5698,Lauryn,Aksel,Elderbrant,aelderbrantci@wisc.edu,JN,ADJUNCT_PROFESSOR
ede7932,Amata,Axe,Pinock,apinockcj@qq.com,CC,ASSOCIATE_PROFESSOR
oep1161,Cornie,Tate,Ivanonko,tivanonkock@indiegogo.com,BC,ASSISTANT_PROFESSOR
zzd8227,Angelia,Sayre,Brimham,sbrimhamcl@creativecommons.org,EP,LECTURER
rro7425,Nelli,Haywood,Geffe,hgeffecm@oracle.com,JN,""
oij2075,Rozanne,Saloma,Broadstock,sbroadstockcn@hatena.ne.jp,GS,ADJUNCT_PROFESSOR
bib9285,Didi,Kirsteni,Grichukhin,kgrichukhinco@nasa.gov,BU,LECTURER
qpf8432,Bertie,Oralla,Brellin,obrellincp@apache.org,GSAS,PROFESSOR
nsf6193,Jeanelle,Ilyse,Bownd,ibowndcq@squidoo.com,EN,ADJUNCT_PROFESSOR
njl3607,Madeline,Zea,Tremeer,ztremeercr@list-manage.com,JN,UNIVERSITY_PROFESSOR
tvz8812,Pauli,Immanuel,Prahl,iprahlcs@prlog.org,CC,""
owx4869,Mair,Englebert,Scollick,escollickct@walmart.com,CPS,ASSOCIATE_PROFESSOR
gbm1640,Wylma,Aline,Gheeorghie,agheeorghiecu@yellowpages.com,BU,""
kou8365,Erhart,Sammie,Marquess,smarquesscv@1und1.de,GSAS,""
pbn0174,Selinda,Elayne,Bernt,eberntcw@columbia.edu,CC,ADJUNCT_PROFESSOR
koo2139,Bella,Laurent,Feander,lfeandercx@senate.gov,JN,""
fuo1602,Adelle,Doralin,Martini,dmartinicy@nps.gov,CC,LECTURER
cgg0450,Willard,Anabella,Kinnie,akinniecz@edublogs.org,GS,LECTURER
rgk0778,Gail,Jobye,Gilbart,jgilbartd0@spiegel.de,EP,LECTURER
mxa9829,Alexandra,Jeremias,Stobie,jstobied1@ed.gov,EP,ASSISTANT_PROFESSOR
huc4636,Gilles,Anthiathia,Phillipps,aphillippsd2@cisco.com,CPS,ADJUNCT_PROFESSOR
xau9521,Salli,Noam,Rosel,nroseld3@wordpress.org,GS,""
umo6591,Angela,Buffy,Semper,bsemperd4@phoca.cz,BU,UNIVERSITY_PROFESSOR
nie5372,Neal,Silva,Eshelby,seshelbyd5@usa.gov,GSAS,UNIVERSITY_PROFESSOR
lzg2888,Shel,Fraser,Gavaghan,fgavaghand6@cafepress.com,CPS,""
wpp3844,Marianne,Horst,Lasselle,hlasselled7@wikia.com,EP,ADJUNCT_PROFESSOR
anj2861,Javier,Berenice,Dunbobbin,bdunbobbind8@msn.com,JN,UNIVERSITY_PROFESSOR
jax3068,Bellina,Celestyn,Doget,cdogetd9@51.la,EP,PROFESSOR
xdt2036,Raynell,Alonso,Bullent,abullentda@indiegogo.com,JN,ASSOCIATE_PROFESSOR
bvc1443,Tremayne,Adelaida,Haugg,ahauggdb@washingtonpost.com,JN,ASSOCIATE_PROFESSOR
hlo4215,Timmy,Frederica,Goudard,fgoudarddc@geocities.jp,BU,ASSISTANT_PROFESSOR
bpt6510,Nelie,Myrna,Ghiraldi,mghiraldidd@ameblo.jp,CC,""
yqm9245,Wynn,Ardelia,Bobasch,abobaschde@tiny.cc,CPS,UNIVERSITY_PROFESSOR
amv9857,Elisha,Angelique,Treby,atrebydf@nationalgeographic.com,CC,""
eox4514,Perry,Missy,Burchill,mburchilldg@lulu.com,GS,""
tex4526,Rudolph,Thibaud,Leet,tleetdh@fda.gov,BC,ASSISTANT_PROFESSOR
vup0091,Selinda,Nicki,Helling,nhellingdi@rambler.ru,JN,ADJUNCT_PROFESSOR
iko8778,Reamonn,Steffi,Towler,stowlerdj@soundcloud.com,BU,LECTURER
hlo3884,Kerry,Vernice,Iacopini,viacopinidk@hp.com,JN,ADJUNCT_PROFESSOR
rta8465,Rutter,Karine,Carles,kcarlesdl@wikipedia.org,CPS,ASSOCIATE_PROFESSOR
ajc7621,Helaina,Julissa,Sone,jsonedm@live.com,EP,""
gjg0114,Carin,Kessia,Maunsell,kmaunselldn@yelp.com,BU,ASSOCIATE_PROFESSOR
rmu5261,William,Derrik,Pelosi,dpelosido@hibu.com,CPS,UNIVERSITY_PROFESSOR
hnm2829,Walsh,Kingston,Ruffey,kruffeydp@usa.gov,EN,ASSISTANT_PROFESSOR
wxu0205,Kerianne,Binnie,Kenney,bkenneydq@state.tx.us,BC,PROFESSOR
pym1344,Darby,Mohandas,Gentsch,mgentschdr@ustream.tv,CC,PROFESSOR
ebi9388,Cahra,Jarred,Bashford,jbashfordds@printfriendly.com,JN,LECTURER
rwc1178,Alyssa,Griffie,Chilver,gchilverdt@google.it,CC,PROFESSOR
rrj8513,Kaleena,Ashien,Basant,abasantdu@drupal.org,GS,""
qyj4363,Osmund,Ted,Demaid,tdemaiddv@etsy.com,CPS,ADJUNCT_PROFESSOR
iju9860,Hailee,Sileas,Hebbs,shebbsdw@nps.gov,BU,ADJUNCT_PROFESSOR
udy5145,Adoree,Guthrey,Garretson,ggarretsondx@cam.ac.uk,BU,UNIVERSITY_PROFESSOR
qyp7384,Gradey,Lyn,Filby,lfilbydy@dion.ne.jp,BC,ADJUNCT_PROFESSOR
pch5905,Cicely,Sherm,Volonte,svolontedz@archive.org,GSAS,ASSISTANT_PROFESSOR
dxz3930,Colman,Jock,Twitchett,jtwitchette0@cpanel.net,JN,ASSISTANT_PROFESSOR
smt1092,Evangelia,Verney,Yakebovich,vyakeboviche1@miibeian.gov.cn,GS,ASSOCIATE_PROFESSOR
hvb1542,Shurwood,Xenos,Shadbolt,xshadbolte2@slate.com,JN,UNIVERSITY_PROFESSOR
uhk4652,Kippy,Karrah,Ricca,kriccae3@msu.edu,BU,UNIVERSITY_PROFESSOR
ffo7250,Kipper,Rosella,Muck,rmucke4@ft.com,CC,ASSISTANT_PROFESSOR
enm0507,Maura,Raul,Spellicy,rspellicye5@cbslocal.com,GS,""
wdj0287,Ansell,Margy,Heliar,mheliare6@bluehost.com,GS,ASSISTANT_PROFESSOR
dkk1974,Adriane,Radcliffe,Klaessen,rklaessene7@ftc.gov,EN,UNIVERSITY_PROFESSOR
wpb4731,Gwenette,Adriane,Pero,aperoe8@disqus.com,BC,PROFESSOR
apm9457,Reagan,Barnebas,Weben,bwebene9@uol.com.br,EN,ASSISTANT_PROFESSOR
sge3669,Ree,Johanna,Lehemann,jlehemannea@cbslocal.com,GS,ASSOCIATE_PROFESSOR
qmv0286,Rurik,Claudette,Mosson,cmossoneb@marketwatch.com,GS,ASSISTANT_PROFESSOR
iut4167,Maribeth,Mandie,Liston,mlistonec@china.com.cn,GSAS,ADJUNCT_PROFESSOR
ghl4389,Wilden,Felicle,Swinford,fswinforded@cmu.edu,CPS,PROFESSOR
zyg0478,Jasmine,Charin,Greydon,cgreydonee@mozilla.org,BC,LECTURER
jdb0918,Bink,Danni,Alentyev,dalentyevef@wufoo.com,JN,ASSOCIATE_PROFESSOR
srk0201,Dunn,Annabella,Torri,atorrieg@reddit.com,JN,PROFESSOR
eiv1369,Netti,Artair,Scully,ascullyeh@cocolog-nifty.com,JN,PROFESSOR
fqp0371,Netty,Dianna,Lydford,dlydfordei@epa.gov,GSAS,UNIVERSITY_PROFESSOR
esr0795,Read,Lani,Klasen,lklasenej@smugmug.com,GS,""
tcs1506,Burtie,Quillan,Tulley,qtulleyek@ftc.gov,CPS,PROFESSOR
pcg1777,Louise,Marion,MacKniely,mmacknielyel@desdev.cn,EN,ASSISTANT_PROFESSOR
aht5427,Scotti,Matty,Tiller,mtillerem@naver.com,GS,""
gus4794,Annalise,Fredrika,MacVaugh,fmacvaughen@newsvine.com,GSAS,LECTURER
tuz4434,Joceline,Jed,Bowskill,jbowskilleo@reverbnation.com,CC,""
toq8545,Andy,Harmonia,Skunes,hskunesep@bravesites.com,BC,""
fip5931,Elihu,Guinevere,Lowater,glowatereq@nbcnews.com,JN,ASSISTANT_PROFESSOR
hgj6784,Elsie,Dyana,Joyner,djoynerer@aboutads.info,GSAS,ADJUNCT_PROFESSOR
rqd9359,Harli,Gae,Clackers,gclackerses@stumbleupon.com,BU,""
jkh7392,Jemmie,Flossie,Fitchett,ffitchettet@cnn.com,CC,LECTURER
fyj1257,Domingo,Kimmie,MacGee,kmacgeeeu@ucoz.com,EP,LECTURER
pyi8482,Gerhard,Sandie,Bateson,sbatesonev@ycombinator.com,CC,UNIVERSITY_PROFESSOR
fwn1499,Virgie,Fairfax,Mechem,fmechemew@ftc.gov,GS,PROFESSOR
fbs2169,Adey,Welbie,Vitet,wvitetex@phoca.cz,BC,ASSISTANT_PROFESSOR
rhy9418,Hedwiga,Shelly,Allman,sallmaney@ted.com,CPS,ASSOCIATE_PROFESSOR
wug0126,Alida,Lurlene,Thurlbeck,lthurlbeckez@blinklist.com,GSAS,UNIVERSITY_PROFESSOR
ehl2862,Moe,Manuel,Brosoli,mbrosolif0@washingtonpost.com,JN,PROFESSOR
iac8447,Alyss,Bron,Eeles,beelesf1@walmart.com,GS,ADJUNCT_PROFESSOR
fra5254,Esther,Ansel,Whyte,awhytef2@xing.com,EN,LECTURER
csl4289,Milton,Gabbey,Spelman,gspelmanf3@unesco.org,BU,ASSOCIATE_PROFESSOR
oku5610,Rene,Yale,Chalcroft,ychalcroftf4@oracle.com,GS,ASSOCIATE_PROFESSOR
dmc5884,Saxon,Jojo,Abbis,jabbisf5@cdc.gov,EN,""
qty4919,Marchall,Read,Lansly,rlanslyf6@wufoo.com,BC,ADJUNCT_PROFESSOR
wqt1814,Dewie,Kimbra,Tremathack,ktremathackf7@gmpg.org,GSAS,ASSOCIATE_PROFESSOR
vkq5400,Adelle,Weylin,Mauser,wmauserf8@is.gd,CPS,ASSISTANT_PROFESSOR
bku5798,Gare,Carroll,Voce,cvocef9@abc.net.au,EP,ADJUNCT_PROFESSOR
bhw4765,Laureen,Teri,Giorgione,tgiorgionefa@cbslocal.com,EN,""
fvx3348,Harmony,Ogdon,Lansly,olanslyfb@sitemeter.com,BU,UNIVERSITY_PROFESSOR
jmm6427,Dolf,Germaine,Heimes,gheimesfc@google.com.au,CPS,ASSISTANT_PROFESSOR
aug0880,Gui,Kathe,Trimby,ktrimbyfd@craigslist.org,EP,PROFESSOR
daw1222,Faustine,Sukey,Imason,simasonfe@a8.net,CC,ASSOCIATE_PROFESSOR
nsv4479,Wilie,Garrick,Attersoll,gattersollff@newsvine.com,CPS,UNIVERSITY_PROFESSOR
kzc7398,Manolo,Morgen,Cordel,mcordelfg@dmoz.org,CPS,ADJUNCT_PROFESSOR
pdt7224,Bendix,Liane,Zanazzi,lzanazzifh@furl.net,EP,ASSISTANT_PROFESSOR
afa8162,Dallon,Bale,Pauling,bpaulingfi@seattletimes.com,EP,""
jbd8540,Mervin,Ephrem,Showler,eshowlerfj@stanford.edu,EN,LECTURER
kup5120,Wilt,Beitris,Clausen,bclausenfk@microsoft.com,BC,ADJUNCT_PROFESSOR
gii1901,Lisetta,Caritta,Ledger,cledgerfl@flavors.me,CC,ADJUNCT_PROFESSOR
bqi3380,Nial,Beatriz,McIlherran,bmcilherranfm@timesonline.co.uk,CC,ASSISTANT_PROFESSOR
xpr1336,Lanny,Jerrold,Kingstne,jkingstnefn@utexas.edu,CC,UNIVERSITY_PROFESSOR
scg7200,Hewet,Amandy,Curragh,acurraghfo@sohu.com,GSAS,ASSISTANT_PROFESSOR
mmo6014,Matthus,Stella,Sarginson,ssarginsonfp@youtube.com,BC,PROFESSOR
kkr5660,Jordana,Kelcey,Shovlar,kshovlarfq@arstechnica.com,GS,UNIVERSITY_PROFESSOR
ial3612,Astra,Friedrick,Macguire,fmacguirefr@behance.net,GS,ADJUNCT_PROFESSOR
xta9079,Emilia,Emmalynne,Sapsforde,esapsfordefs@bbb.org,JN,ASSOCIATE_PROFESSOR
dpi4614,Jeffy,Igor,Gors,igorsft@weather.com,BC,ADJUNCT_PROFESSOR
mql8168,Worden,Layla,Heys,lheysfu@slate.com,GSAS,LECTURER
gsv2109,Carlee,Esmeralda,Domnick,edomnickfv@drupal.org,CC,""
pol9109,Samara,Nickola,Bernardoni,nbernardonifw@webs.com,BC,LECTURER
fpr0738,Gray,Mara,Acreman,macremanfx@lycos.com,CC,ASSISTANT_PROFESSOR
lgr6922,Marlowe,Welch,Dudmesh,wdudmeshfy@weather.com,BU,PROFESSOR
xsq8005,Carey,Gloria,Baszkiewicz,gbaszkiewiczfz@microsoft.com,BU,ASSOCIATE_PROFESSOR
klz8203,Dodie,Kelly,deKnevet,kdeknevetg0@biglobe.ne.jp,CPS,PROFESSOR
qmc4706,Lulita,Leland,Tartt,ltarttg1@vimeo.com,EN,LECTURER
ccd4221,Garth,Kelly,Thornewell,kthornewellg2@skype.com,CC,UNIVERSITY_PROFESSOR
mea2804,Kat,Jefferey,Ruse,jruseg3@telegraph.co.uk,CPS,ADJUNCT_PROFESSOR
tlm0338,Modestine,Rowland,Bentote,rbentoteg4@google.com.br,BU,LECTURER
moq5445,Janela,Luciana,Saffen,lsaffeng5@sfgate.com,GSAS,LECTURER
ung4346,Gretchen,Natividad,Domelow,ndomelowg6@earthlink.net,GS,ASSISTANT_PROFESSOR
yti6191,Nannie,Roz,Warrender,rwarrenderg7@g.co,CC,ADJUNCT_PROFESSOR
lju2085,Bobette,Michaella,Honeywood,mhoneywoodg8@pcworld.com,JN,ASSISTANT_PROFESSOR
ihp5147,Trevar,Lydon,Paddefield,lpaddefieldg9@dot.gov,EP,UNIVERSITY_PROFESSOR
qlb4863,Pansy,Humfried,Brose,hbrosega@reuters.com,JN,ADJUNCT_PROFESSOR
vog7714,Hilton,Merrill,Brundill,mbrundillgb@ow.ly,BU,LECTURER
bzo1103,Deane,Clarance,Bredes,cbredesgc@wordpress.org,GSAS,ADJUNCT_PROFESSOR
fgn3797,Eilis,Vallie,Caras,vcarasgd@indiegogo.com,BU,ASSISTANT_PROFESSOR
tqc2556,Gwenette,Dyana,Ticic,dticicge@joomla.org,BC,""
jjf4760,Maureene,Kameko,Clausner,kclausnergf@opensource.org,BU,LECTURER
ryl3413,Conni,Shaine,Gaitung,sgaitunggg@dmoz.org,JN,LECTURER
mcd8442,Garner,Boniface,Chapier,bchapiergh@odnoklassniki.ru,CPS,UNIVERSITY_PROFESSOR
fia2011,Hedi,Brett,Lawson,blawsongi@bravesites.com,EP,""
leo8711,Marne,Mattie,Victory,mvictorygj@ocn.ne.jp,EN,UNIVERSITY_PROFESSOR
mcq3717,Lenna,Millard,Dunn,mdunngk@addthis.com,CC,ASSISTANT_PROFESSOR
wyf3627,Shayne,Kally,Timbrell,ktimbrellgl@homestead.com,BU,ASSOCIATE_PROFESSOR
hoe2213,Mandel,Isaiah,MacAskill,imacaskillgm@wordpress.org,CPS,ADJUNCT_PROFESSOR
qqn2192,Kain,Joycelin,Pietruszka,jpietruszkagn@tripod.com,CC,PROFESSOR
jmy1508,Angil,Alvera,Sturrock,asturrockgo@sciencedaily.com,CC,ASSISTANT_PROFESSOR
xyn4062,Sal,Moria,Barenski,mbarenskigp@bandcamp.com,CC,UNIVERSITY_PROFESSOR
tbp9155,Bartie,Elora,Branno,ebrannogq@purevolume.com,CC,ASSOCIATE_PROFESSOR
dwt8673,Rockey,Carita,Mattea,cmatteagr@cyberchimps.com,GS,ASSOCIATE_PROFESSOR
bjr1098,Michele,Perry,Duffan,pduffangs@intel.com,BC,UNIVERSITY_PROFESSOR
wlz4676,Fenelia,Brana,Lefever,blefevergt@so-net.ne.jp,EP,UNIVERSITY_PROFESSOR
ppz5559,Ricardo,Kiri,Doulton,kdoultongu@quantcast.com,CPS,PROFESSOR
wiw3016,Dannie,Addison,Rappaport,arappaportgv@mit.edu,EN,PROFESSOR
kjg3471,Odessa,Deanne,Christoffels,dchristoffelsgw@feedburner.com,CPS,ADJUNCT_PROFESSOR
kex6790,Aloin,Tobie,Buggy,tbuggygx@instagram.com,BU,ASSOCIATE_PROFESSOR
iyq3000,Stefan,Marijn,MacFadzean,mmacfadzeangy@discovery.com,CPS,ADJUNCT_PROFESSOR
cee0808,Aleen,Karlis,Elvish,kelvishgz@uol.com.br,CC,ASSISTANT_PROFESSOR
qxh1187,Edlin,Ermanno,Fothergill,efothergillh0@wix.com,CC,""
suh1567,Bronnie,Nessy,Faier,nfaierh1@abc.net.au,CPS,UNIVERSITY_PROFESSOR
ayq2494,Dalis,Antonius,Dumbarton,adumbartonh2@wordpress.org,GS,UNIVERSITY_PROFESSOR
pna7408,Avis,Latia,Tolputt,ltolputth3@tinypic.com,JN,ADJUNCT_PROFESSOR
mqk0381,Barbabra,Harlie,Spurrior,hspurriorh4@about.me,EP,PROFESSOR
rge2320,Bear,Tabb,Conachie,tconachieh5@elegantthemes.com,EP,ASSOCIATE_PROFESSOR
mvd2705,Teddie,Elane,Demschke,edemschkeh6@sfgate.com,JN,ASSISTANT_PROFESSOR
vxh9365,Adore,Karlis,Quartly,kquartlyh7@mediafire.com,CC,LECTURER
kqj9417,Claiborne,Ellswerth,Mardy,emardyh8@hostgator.com,EN,UNIVERSITY_PROFESSOR
fez2871,Bronny,Reeta,Duckering,rduckeringh9@google.co.uk,GS,PROFESSOR
ckj9952,Jeanna,Etta,Fosten,efostenha@etsy.com,GS,""
zvt9697,Karon,Lindsay,Macvey,lmacveyhb@cbc.ca,BC,ASSOCIATE_PROFESSOR
tfj1783,Else,Jessika,MattiCCI,jmatticcihc@wikimedia.org,CC,ASSISTANT_PROFESSOR
cdf9081,Roanne,Darb,Bickerstasse,dbickerstassehd@bbb.org,CPS,""
dlw1284,Calli,Nolana,Oxenden,noxendenhe@artisteer.com,GSAS,UNIVERSITY_PROFESSOR
tth5982,Trixy,Blondell,Fillimore,bfillimorehf@nature.com,GS,PROFESSOR
fab2977,Barney,Cletis,Godlip,cgodliphg@prlog.org,EP,LECTURER
qnp2444,Rosemarie,Raphaela,Lane,rlanehh@fc2.com,JN,ASSOCIATE_PROFESSOR
zto3688,Hendrika,Barde,Arnott,barnotthi@globo.com,CC,ASSISTANT_PROFESSOR
lza4620,Netty,Annette,MacMechan,amacmechanhj@timesonline.co.uk,BC,LECTURER
jqp2228,Fee,Maynord,Bunstone,mbunstonehk@shareasale.com,CPS,ADJUNCT_PROFESSOR
swh3478,Mayor,Moll,Schall,mschallhl@msu.edu,BU,LECTURER
hnm9430,Cordey,Zacharias,Hursey,zhurseyhm@tumblr.com,GSAS,ASSOCIATE_PROFESSOR
rtx3426,Ulrica,Gaelan,Solano,gsolanohn@jiathis.com,EP,ASSISTANT_PROFESSOR
iyn8934,Demott,Melamie,Murrey,mmurreyho@msn.com,BU,""
kxq4482,Amie,Vicky,Brabender,vbrabenderhp@google.com,GSAS,UNIVERSITY_PROFESSOR
kbo3163,Rosene,Michele,MacCaughan,mmaccaughanhq@usnews.com,BU,UNIVERSITY_PROFESSOR
xly8120,Evin,Darline,Consterdine,dconsterdinehr@about.com,BU,""
xfd6742,Imogene,Sheila-kathryn,Brisco,sbriscohs@sun.com,GS,""
csf7191,Celisse,Vance,Joiris,vjoirisht@diigo.com,CPS,ASSOCIATE_PROFESSOR
fzo8824,Drake,Nadine,Parke,nparkehu@adobe.com,JN,ASSISTANT_PROFESSOR
bna4154,Jamaal,Shena,Harmeston,sharmestonhv@sciencedirect.com,JN,PROFESSOR
dil6620,Georg,Eloise,Rooney,erooneyhw@phpbb.com,EP,ASSOCIATE_PROFESSOR
dnm1173,Nevins,Matthaeus,Chatfield,mchatfieldhx@amazon.co.jp,BU,ASSOCIATE_PROFESSOR
wfy6047,Juanita,Millisent,Brosoli,mbrosolihy@about.me,CC,LECTURER
jwp1932,Zack,Kippie,Lodwig,klodwighz@pen.io,BC,ASSOCIATE_PROFESSOR
qlc8265,Jolee,Morry,Andreasen,mandreaseni0@theatlantic.com,CPS,UNIVERSITY_PROFESSOR
qcd7358,Andreas,Wyatt,Mallion,wmallioni1@sciencedirect.com,EP,""
ryu8177,Ignaz,Anne,Dimitrijevic,adimitrijevici2@howstuffworks.com,GSAS,ASSISTANT_PROFESSOR
qyh8979,Flem,Carlen,Serrurier,cserrurieri3@mac.com,CC,UNIVERSITY_PROFESSOR
sya0605,Carlie,Darrick,Shenley,dshenleyi4@arizona.edu,CPS,""
cur6828,Cyndie,Annabel,Gyford,agyfordi5@nsw.gov.au,JN,PROFESSOR
yjk0012,Richard,Esdras,Brookson,ebrooksoni6@engadget.com,JN,ASSOCIATE_PROFESSOR
uko3796,Hirsch,Berkly,Whittenbury,bwhittenburyi7@wunderground.com,BU,""
fxe0788,Bibbie,Jamaal,Hayers,jhayersi8@wsj.com,CC,PROFESSOR
xrz2467,Lilla,Tybie,Riccard,triccardi9@craigslist.org,EP,LECTURER
edc4842,Hervey,Leoline,Coughtrey,lcoughtreyia@economist.com,GS,ASSISTANT_PROFESSOR
euo0216,Welby,Abigale,Bloschke,abloschkeib@opera.com,BU,ASSOCIATE_PROFESSOR
cbe3757,Rosalynd,Vita,Hatrey,vhatreyic@bizjournals.com,CC,""
lhn6370,Huberto,Dyan,Pinwell,dpinwellid@youtube.com,JN,ASSISTANT_PROFESSOR
jse8507,Aidan,Johnath,Rawes,jrawesie@aboutads.info,GSAS,LECTURER
hbd6240,Camala,Dukie,Lynch,dlynchif@si.edu,JN,LECTURER
ioq3834,Jacquette,Lancelot,Gerdts,lgerdtsig@scientificamerican.com,JN,""
lmy2864,Morgan,Dallas,Bonnefin,dbonnefinih@guardian.co.uk,GS,PROFESSOR
pkx7194,Maritsa,Reg,Burchatt,rburchattii@jigsy.com,JN,ASSOCIATE_PROFESSOR
xmq7179,Nellie,Leanora,Simnett,lsimnettij@boston.com,GS,ASSOCIATE_PROFESSOR
bjm6556,Kalli,Adora,Demelt,ademeltik@cam.ac.uk,CPS,UNIVERSITY_PROFESSOR
kmw7180,Errol,Abeu,Poon,apoonil@flickr.com,JN,""
egs7496,Mariette,Hermy,Dicty,hdictyim@stanford.edu,GSAS,PROFESSOR
ofu6235,Elli,Xylia,Rudledge,xrudledgein@amazon.co.uk,BC,""
nbl4243,Ignaz,Jaimie,Khristyukhin,jkhristyukhinio@hostgator.com,EN,ADJUNCT_PROFESSOR
yhq6638,Jody,Stephen,Millgate,smillgateip@utexas.edu,CPS,PROFESSOR
nbf9495,Winslow,Aggie,Doumenc,adoumenciq@soup.io,EP,UNIVERSITY_PROFESSOR
ftw8422,Regan,Brucie,Morpeth,bmorpethir@hp.com,CC,LECTURER
avu0383,Weylin,Carey,Yellowlea,cyellowleais@twitter.com,JN,""
lxg6108,Bab,Britteny,Groom,bgroomit@cbslocal.com,BU,LECTURER
drn1739,Merridie,Hildagarde,Masurel,hmasureliu@chronoengine.com,EP,ADJUNCT_PROFESSOR
wse3955,Dniren,Krystal,Luetkemeyers,kluetkemeyersiv@xing.com,CC,LECTURER
kdg2919,Gretchen,Erny,Sallnow,esallnowiw@phpbb.com,BC,UNIVERSITY_PROFESSOR
szi9491,Ag,Brooks,Finnimore,bfinnimoreix@msu.edu,GS,LECTURER
mbp6021,Lowrance,Trey,Cleaver,tcleaveriy@buzzfeed.com,BU,""
jvs6994,Josefina,Vincents,Holley,vholleyiz@plala.or.jp,BU,UNIVERSITY_PROFESSOR
fgs6347,Iris,Elmira,Bastie,ebastiej0@who.int,CC,UNIVERSITY_PROFESSOR
cmy0870,Hurley,Anson,Crass,acrassj1@discuz.net,JN,ASSOCIATE_PROFESSOR
bze1016,Kylen,Fae,Llorens,fllorensj2@zimbio.com,JN,ADJUNCT_PROFESSOR
vba5295,Rosamund,Brandice,Lacelett,blacelettj3@gizmodo.com,GSAS,ADJUNCT_PROFESSOR
bha7946,Audrey,Cary,Taylour,ctaylourj4@toplist.cz,CC,UNIVERSITY_PROFESSOR
aak8787,Abbot,Maynord,Kuschel,mkuschelj5@nhs.uk,GSAS,PROFESSOR
ith0132,Brunhilda,Catlee,Garnsworth,cgarnsworthj6@bandcamp.com,GSAS,""
qho5396,Tomlin,Georgianna,Jory,gjoryj7@skyrock.com,GSAS,UNIVERSITY_PROFESSOR
byj1290,Caralie,Dewitt,Spofforth,dspofforthj8@moonfruit.com,BU,ASSISTANT_PROFESSOR
quz6055,Nathanil,Brier,Benedidick,bbenedidickj9@icq.com,EN,ASSISTANT_PROFESSOR
nzk9942,Enrichetta,Kelli,Lowin,klowinja@imdb.com,BU,ASSISTANT_PROFESSOR
flp8504,Zahara,Rebecca,Canon,rcanonjb@imdb.com,CPS,UNIVERSITY_PROFESSOR
urj0045,Gay,Maggee,Tolemache,mtolemachejc@51.la,CC,ASSISTANT_PROFESSOR
evk1578,Gwenni,Inglis,Bollen,ibollenjd@un.org,GS,""
bvb5234,Palm,Buck,Prattington,bprattingtonje@bizjournals.com,CPS,LECTURER
pqq6566,Harbert,Peyton,Trebilcock,ptrebilcockjf@edublogs.org,BC,ADJUNCT_PROFESSOR
kwn5740,Sylvester,Trula,Grote,tgrotejg@hc360.com,EN,""
ibx7590,Yorker,Natasha,O' Timony,notimonyjh@huffingtonpost.com,CC,""
xpz6540,Ricky,Frederick,Troctor,ftroctorji@etsy.com,GS,ASSOCIATE_PROFESSOR
mcj3372,Gretel,Gretna,Skain,gskainjj@auda.org.au,GS,ASSOCIATE_PROFESSOR
pgu3782,Lorita,Roz,Simecek,rsimecekjk@who.int,JN,LECTURER
uch5099,Cher,Sergei,Gillott,sgillottjl@census.gov,CC,ASSISTANT_PROFESSOR
fez0103,Kirk,Jana,Brookton,jbrooktonjm@xinhuanet.com,GS,LECTURER
bpz7259,Alice,Charmian,Maddin,cmaddinjn@technorati.com,BC,LECTURER
wbk3276,Brita,Klara,Sawfoot,ksawfootjo@rakuten.co.jp,CC,""
opd2557,Sebastien,Constantina,Stanbridge,cstanbridgejp@umn.edu,BU,LECTURER
emd2451,Nellie,Regen,Winslow,rwinslowjq@ameblo.jp,EN,PROFESSOR
osb0600,Kandy,Blair,Zanassi,bzanassijr@tuttocitta.it,EP,""
kcz3862,Kelby,Marianna,Lynett,mlynettjs@bloglovin.com,CC,LECTURER
ykr5897,Xever,Ursala,Rome,uromejt@microsoft.com,GSAS,ASSOCIATE_PROFESSOR
fjg5498,Nealon,Hal,Baylie,hbaylieju@dot.gov,BU,ADJUNCT_PROFESSOR
zjr5854,Arnie,Paulie,Cowe,pcowejv@yellowpages.com,BU,ADJUNCT_PROFESSOR
hme4806,Clayson,Jobye,Tackle,jtacklejw@facebook.com,BU,""
dzg3801,Andy,Ashleigh,Dimitresco,adimitrescojx@blog.com,GS,""
ila5700,Andy,Will,Brinded,wbrindedjy@ezinearticles.com,CPS,UNIVERSITY_PROFESSOR
mtd5092,Merla,Geri,Orange,gorangejz@baidu.com,EN,ADJUNCT_PROFESSOR
ltg0806,Verla,Keven,Giovani,kgiovanik0@harvard.edu,BC,LECTURER
fzw9614,Rafaela,Danice,Corrao,dcorraok1@4shared.com,JN,PROFESSOR
ldp9928,Vlad,Aloin,Laphorn,alaphornk2@ezinearticles.com,EN,LECTURER
wdm0166,Alard,Alexio,Raun,araunk3@altervista.org,GS,LECTURER
wla5833,Flori,Keelby,Anderton,kandertonk4@disqus.com,BU,ASSOCIATE_PROFESSOR
rxv1525,Valli,Irv,Brahan,ibrahank5@businessweek.com,BU,LECTURER
kkh5008,Sheffield,Nial,Axcel,naxcelk6@rambler.ru,CPS,""
kap2868,Nicolis,Penelope,Brocklesby,pbrocklesbyk7@moonfruit.com,BU,UNIVERSITY_PROFESSOR
fia2634,Maybelle,Colette,Craggs,ccraggsk8@barnesandnoble.com,BC,LECTURER
cnm5868,Afton,Madelene,Mustchin,mmustchink9@reuters.com,GS,LECTURER
iyn3769,Kendricks,Desdemona,Hardin,dhardinka@pinterest.com,GS,UNIVERSITY_PROFESSOR
chy7171,Ros,Melody,Poetz,mpoetzkb@pinterest.com,EP,UNIVERSITY_PROFESSOR
koa4507,Faye,Sophie,Cassie,scassiekc@wordpress.org,GS,ASSOCIATE_PROFESSOR
vyg2251,Siffre,Nolan,Holworth,nholworthkd@mayoclinic.com,GSAS,""
zmp2539,Joshuah,Alix,Mephan,amephanke@scientificamerican.com,EN,ASSISTANT_PROFESSOR
euc3347,Viole,Emlyn,Belward,ebelwardkf@issuu.com,BU,PROFESSOR
lzs9004,Deonne,Gracie,Duigenan,gduigenankg@home.pl,BC,""
pah9085,Robbin,Dalia,Eccleshare,decclesharekh@howstuffworks.com,GS,LECTURER
hju4844,Codi,Rosemarie,Preedy,rpreedyki@desdev.cn,GSAS,UNIVERSITY_PROFESSOR
nex7336,Jarret,Andrew,Imlen,aimlenkj@geocities.com,JN,""
kjo5674,Kimble,Hastie,Bothram,hbothramkk@indiegogo.com,EP,LECTURER
ykq8874,Leelah,Gladys,Espinel,gespinelkl@oaic.gov.au,EN,ADJUNCT_PROFESSOR
wes0499,Curr,Gery,Nottle,gnottlekm@bluehost.com,GSAS,""
nwt3923,Glad,Berthe,Ciccarello,bciccarellokn@umn.edu,CC,PROFESSOR
guo0634,Lesly,Sallie,Camelia,scameliako@yelp.com,EP,ASSOCIATE_PROFESSOR
yzh4445,Dermot,Candida,Chipman,cchipmankp@japanpost.jp,JN,ASSISTANT_PROFESSOR
fqj7792,Muffin,Redford,Mahody,rmahodykq@go.com,CPS,ASSISTANT_PROFESSOR
mjz1906,Lorelei,Cheri,Scripps,cscrippskr@mashable.com,CC,PROFESSOR
kjf9496,Roderich,Marita,Heffernan,mheffernanks@typepad.com,EP,ASSISTANT_PROFESSOR
ijh2735,Enos,Kaitlin,Rowntree,krowntreekt@indiegogo.com,CC,UNIVERSITY_PROFESSOR
dbq3099,Christan,Lucina,Hourstan,lhourstanku@netlog.com,CC,ADJUNCT_PROFESSOR
wng6473,Adrianna,Sophronia,Musterd,smusterdkv@sakura.ne.jp,CPS,ADJUNCT_PROFESSOR
sqr9778,Fernandina,Buddie,Duval,bduvalkw@wix.com,EN,ASSOCIATE_PROFESSOR
krl6284,Evelyn,Valentijn,Berzons,vberzonskx@arstechnica.com,BU,LECTURER
fqs6153,Andres,Ricoriki,Polak,rpolakky@gizmodo.com,GS,PROFESSOR
ujz7088,Timmy,Beilul,Stathers,bstatherskz@webeden.co.uk,BU,""
oje5367,Emelia,Franzen,Brecken,fbreckenl0@theguardian.com,EN,ASSOCIATE_PROFESSOR
gnu6200,Asher,Krisha,Bickardike,kbickardikel1@bing.com,GSAS,LECTURER
ear4568,Alick,Papagena,Warton,pwartonl2@alexa.com,CPS,ADJUNCT_PROFESSOR
yel2759,Laurence,Feodora,Lideard,flideardl3@goodreads.com,JN,ASSISTANT_PROFESSOR
yby0714,Karney,Karyn,Corradetti,kcorradettil4@mozilla.com,GS,PROFESSOR
afu2696,Beatriz,Gill,Dybald,gdybaldl5@nytimes.com,CPS,""
kig0970,Katlin,Oberon,Kordas,okordasl6@amazon.co.uk,JN,ADJUNCT_PROFESSOR
vxf8707,Artemus,Reine,McDunlevy,rmcdunlevyl7@disqus.com,GSAS,PROFESSOR
vhd6873,Con,Bernie,Varlow,bvarlowl8@mashable.com,CC,PROFESSOR
gzz5335,Allyson,Mignon,Bosch,mboschl9@godaddy.com,GSAS,""
pkp5586,Jennine,Wendall,Hofler,whoflerla@unc.edu,GSAS,""
uyn5324,Cordy,Denis,Charity,dcharitylb@icq.com,BC,LECTURER
teb6866,Virgil,Rosabelle,McDuffie,rmcduffielc@discuz.net,BC,LECTURER
dtu4862,Chrissy,Roldan,Elsdon,relsdonld@dmoz.org,EN,LECTURER
ptv6625,Ina,Orland,Soreau,osoreaule@ox.ac.uk,CPS,ASSOCIATE_PROFESSOR
asm4069,Jaquelin,Lothario,Shaddick,lshaddicklf@noaa.gov,CPS,ASSISTANT_PROFESSOR
qfk7912,Garreth,Eward,Lodden,eloddenlg@goo.gl,GSAS,PROFESSOR
hyg5816,Marinna,Connie,Magrane,cmagranelh@tripod.com,BU,UNIVERSITY_PROFESSOR
cjq6669,Cairistiona,Myrlene,Kynett,mkynettli@godaddy.com,EN,ASSISTANT_PROFESSOR
bpt3796,Vassily,Marcelo,Goosey,mgooseylj@vinaora.com,EN,LECTURER
hdk8427,Arlina,Bone,Ducker,bduckerlk@artisteer.com,GSAS,ADJUNCT_PROFESSOR
ymh2173,Ashien,Dre,Cowup,dcowupll@github.com,GS,ASSOCIATE_PROFESSOR
maj6675,Rolph,Ludvig,Willicott,lwillicottlm@booking.com,JN,ADJUNCT_PROFESSOR
pbs1364,Dyana,Noreen,Blaw,nblawln@cnbc.com,CC,LECTURER
taw3072,Jammal,Ronnie,Dodman,rdodmanlo@salon.com,EP,""
wok9040,Janek,Gallard,Lowey,gloweylp@cocolog-nifty.com,EP,ASSOCIATE_PROFESSOR
lfr6402,Clarita,Gerardo,Delia,gdelialq@themeforest.net,JN,ADJUNCT_PROFESSOR
sro5409,Garnet,Garreth,Rannald,grannaldlr@tripod.com,CC,PROFESSOR
ypv5211,Frederigo,Dur,Lindholm,dlindholmls@senate.gov,GS,""
apo5972,Terrell,Viviene,Kleinplatz,vkleinplatzlt@netlog.com,GS,UNIVERSITY_PROFESSOR
tod3431,Raynor,Marylee,Yitzowitz,myitzowitzlu@amazonaws.com,EN,UNIVERSITY_PROFESSOR
wor2559,Bettine,Petra,Ivel,pivellv@behance.net,BC,ASSOCIATE_PROFESSOR
qjm6561,Rhianna,Phil,Gadeaux,pgadeauxlw@blog.com,GS,ASSISTANT_PROFESSOR
vzy3177,Kassey,Valma,Folke,vfolkelx@dyndns.org,CPS,UNIVERSITY_PROFESSOR
wco6195,Barbey,Oates,O'Hagirtie,oohagirtiely@storify.com,BU,ADJUNCT_PROFESSOR
vky2870,Tripp,Darrelle,Upwood,dupwoodlz@biglobe.ne.jp,JN,PROFESSOR
etg4481,Phyllys,Paulo,Matonin,pmatoninm0@networksolutions.com,EN,ADJUNCT_PROFESSOR
fjm2255,Jerad,Velvet,Painswick,vpainswickm1@twitter.com,BU,ADJUNCT_PROFESSOR
gty4845,Ruth,Othilia,Maps,omapsm2@illinois.edu,GS,LECTURER
eav8798,Wendeline,Donall,Hugin,dhuginm3@bizjournals.com,GSAS,PROFESSOR
kmo3524,Ravid,Wheeler,de Chastelain,wdechastelainm4@dmoz.org,GS,""
ykr6983,Trudey,Lonee,Bottomer,lbottomerm5@nsw.gov.au,EP,UNIVERSITY_PROFESSOR
bup8112,Gretta,Avery,Moles,amolesm6@drupal.org,EP,ADJUNCT_PROFESSOR
zmq7746,Sylvan,Dilan,Belhomme,dbelhommem7@wiley.com,EN,ASSOCIATE_PROFESSOR
qji8158,Jasmina,Terencio,Ferriby,tferribym8@artisteer.com,CC,ADJUNCT_PROFESSOR
hbv5690,Brant,Brigida,Rosi,brosim9@ucoz.com,EN,""
qom2871,Brandise,Sunny,Durrance,sdurrancema@weebly.com,BC,UNIVERSITY_PROFESSOR
zgf0677,Mortie,Gertrud,Coxwell,gcoxwellmb@forbes.com,JN,ASSOCIATE_PROFESSOR
rxa9316,Elmo,Noah,Ainge,naingemc@quantcast.com,EP,ADJUNCT_PROFESSOR
rnk9841,Marcelle,Rory,Minchenton,rminchentonmd@youtu.be,CPS,LECTURER
vxy2839,Jarib,Rita,Brager,rbragerme@intel.com,GS,PROFESSOR
iuo5703,Keir,Ellene,Ellard,eellardmf@blinklist.com,BC,ADJUNCT_PROFESSOR
kow0206,Jessica,Trixi,Richards,trichardsmg@ucsd.edu,EN,ASSOCIATE_PROFESSOR
gcc5590,Evelina,Bethany,Brettelle,bbrettellemh@uiuc.edu,EP,UNIVERSITY_PROFESSOR
wsp1120,Kira,Aura,Spire,aspiremi@senate.gov,GS,ADJUNCT_PROFESSOR
vor5437,Alika,Frannie,Taleworth,ftaleworthmj@pagesperso-orange.fr,GSAS,LECTURER
iaq8788,Zeb,Fabiano,Burgen,fburgenmk@digg.com,GSAS,""
bsl9484,Cassondra,Fanchette,McCarney,fmccarneyml@senate.gov,EP,UNIVERSITY_PROFESSOR
ywp5502,Kynthia,Hughie,Foad,hfoadmm@cocolog-nifty.com,EN,""
mdk4878,Raddy,Cleon,Bernot,cbernotmn@utexas.edu,GS,""
tmw2172,Olive,Kelley,Watling,kwatlingmo@dropbox.com,JN,LECTURER
mgh4322,Augy,Parnell,Hullett,phullettmp@illinois.edu,GS,ASSISTANT_PROFESSOR
ped5912,Sylvia,Barb,Stollsteimer,bstollsteimermq@reddit.com,BC,""
lcp3713,Newton,Nealy,Hoggetts,nhoggettsmr@technorati.com,JN,""
lhw3840,Madelina,Linnea,Jeal,ljealms@squarespace.com,JN,UNIVERSITY_PROFESSOR
azo6242,Bonita,Joseito,Meriet,jmerietmt@washington.edu,GS,ADJUNCT_PROFESSOR
ctn7597,Huberto,Herminia,Battaille,hbattaillemu@msu.edu,CC,PROFESSOR
lnt2802,Gnni,Bethany,Saffrin,bsaffrinmv@cmu.edu,BC,""
xbm7555,Meryl,Orelia,Lesmonde,olesmondemw@dion.ne.jp,EP,LECTURER
zcb9694,Jean,Cordie,Morgan,cmorganmx@wufoo.com,EN,LECTURER
nrs9948,Dione,Kassey,Rainsdon,krainsdonmy@miitbeian.gov.cn,CPS,ASSOCIATE_PROFESSOR
isx2998,Nolly,Doralia,Foucard,dfoucardmz@aol.com,BU,""
kto6769,Carolyne,Meredeth,Base,mbasen0@boston.com,CC,ASSISTANT_PROFESSOR
cmu6642,Erastus,Lane,Wevell,lwevelln1@ucoz.ru,BC,""
gns3682,Hayyim,Ethelda,Cavilla,ecavillan2@blinklist.com,CPS,""
osj8529,Massimiliano,Correna,MacAlaster,cmacalastern3@usnews.com,BU,UNIVERSITY_PROFESSOR
few5514,Pancho,Blayne,Dumpleton,bdumpletonn4@simplemachines.org,EN,""
fbn6175,Urbain,Hollie,Twigger,htwiggern5@latimes.com,BU,ADJUNCT_PROFESSOR
pew0537,Meade,Hermione,Cabble,hcabblen6@salon.com,CC,ASSOCIATE_PROFESSOR
cdg8655,Sophia,Fawnia,Teale,ftealen7@bing.com,EN,ADJUNCT_PROFESSOR
dkr8877,Valry,Traci,Huson,thusonn8@mlb.com,GSAS,ADJUNCT_PROFESSOR
xxd8310,Morris,Riobard,Cleal,rclealn9@yandex.ru,EP,LECTURER
lcg4343,Corabella,Pippo,Potapczuk,ppotapczukna@sbwire.com,EP,LECTURER
ewg4498,Evyn,Erek,Tweddell,etweddellnb@mashable.com,EN,PROFESSOR
oeh2763,Laurent,Joanie,Mc Giffin,jmcgiffinnc@qq.com,EN,LECTURER
xzq4031,Veronika,Ricky,Copozio,rcopoziond@about.me,BU,ASSOCIATE_PROFESSOR
ojy7524,Nadine,Darrick,Jacop,djacopne@wordpress.org,BC,UNIVERSITY_PROFESSOR
eyo6234,Salim,Moina,Dudhill,mdudhillnf@bizjournals.com,CC,PROFESSOR
qdy9069,Alaric,Bili,Farley,bfarleyng@globo.com,BC,ASSOCIATE_PROFESSOR
lsg8271,Wolfgang,Mable,Gaffney,mgaffneynh@samsung.com,CPS,ASSISTANT_PROFESSOR
nux4119,Selinda,Starla,Bocking,sbockingni@ebay.com,CC,ASSISTANT_PROFESSOR
ufx3484,Clarette,Wallis,Faithfull,wfaithfullnj@mashable.com,GS,""
jgq0727,Dianemarie,Neda,Yele,nyelenk@squidoo.com,EN,""
xwd9300,Ernesto,Clerissa,Josefowicz,cjosefowicznl@nyu.edu,EP,UNIVERSITY_PROFESSOR
rji4622,Miquela,Demeter,Bedham,dbedhamnm@businesswire.com,BC,PROFESSOR
dwr3733,Romeo,Barbabra,Manhood,bmanhoodnn@time.com,CPS,UNIVERSITY_PROFESSOR
gqb1459,Marvin,Gus,Greenhill,ggreenhillno@tmall.com,GS,ASSISTANT_PROFESSOR
tku0927,Marthena,Franny,Beakes,fbeakesnp@ed.gov,BC,""
dae6345,Garner,Sarge,Bearfoot,sbearfootnq@blogtalkradio.com,BC,ASSISTANT_PROFESSOR
hbq9061,Zuzana,Hugibert,Rames,hramesnr@gravatar.com,GS,UNIVERSITY_PROFESSOR
ldp1395,Dorris,Denys,De Michetti,ddemichettins@rambler.ru,GS,LECTURER
wkb3835,Anne-marie,Woody,Mathison,wmathisonnt@fotki.com,EN,ASSISTANT_PROFESSOR
dtw4761,Klara,Bryan,Graysmark,bgraysmarknu@theatlantic.com,BC,ADJUNCT_PROFESSOR
ivu2024,Wandis,Kipper,Aitken,kaitkennv@elpais.com,EP,UNIVERSITY_PROFESSOR
hbb2472,Nye,Aristotle,Sysland,asyslandnw@wikia.com,BC,""
ott1994,Damien,Tadeas,Aery,taerynx@nbcnews.com,EN,ADJUNCT_PROFESSOR
trg8054,Selina,Garwin,Statton,gstattonny@google.es,JN,ASSOCIATE_PROFESSOR
lmo4451,Sauveur,Web,Millmore,wmillmorenz@cam.ac.uk,BU,ASSISTANT_PROFESSOR
tae1324,Olly,Willi,Punchard,wpunchardo0@gov.uk,JN,LECTURER
yzr0664,Jordana,Lester,Durran,ldurrano1@dmoz.org,BU,PROFESSOR
wao2868,Shanon,Bay,Whelband,bwhelbando2@uol.com.br,EP,ADJUNCT_PROFESSOR
xts2664,Yul,Klaus,Hiskey,khiskeyo3@irs.gov,CPS,UNIVERSITY_PROFESSOR
lgt5933,Natalya,Mic,Dankov,mdankovo4@youku.com,EP,ASSISTANT_PROFESSOR
twu5953,Shannon,Dyana,Dinnis,ddinniso5@europa.eu,BU,LECTURER
nxo4530,Merle,Con,Dobble,cdobbleo6@clickbank.net,CPS,LECTURER
pxk1271,Cliff,Pam,Rosenvasser,prosenvassero7@prnewswire.com,EN,UNIVERSITY_PROFESSOR
irl3662,Rubetta,Levi,Misken,lmiskeno8@nsw.gov.au,EP,UNIVERSITY_PROFESSOR
kyq5238,Kelley,Dorri,MacPaik,dmacpaiko9@t-online.de,BU,""
ifz3107,Porty,Bibi,Coppenhall,bcoppenhalloa@dmoz.org,GS,UNIVERSITY_PROFESSOR
fmw8442,Britt,Papagena,Lewry,plewryob@bbc.co.uk,GS,UNIVERSITY_PROFESSOR
kfb2776,Annice,Hyacinth,Forrestill,hforrestilloc@nationalgeographic.com,BC,ASSISTANT_PROFESSOR
dmz6560,Calypso,Dorisa,Grabiec,dgrabiecod@google.it,JN,PROFESSOR
vtj5180,Vincent,Stephine,Perrelli,sperrellioe@cyberchimps.com,CC,ADJUNCT_PROFESSOR
jcp2884,Nikolai,Byran,Hovert,bhovertof@discovery.com,EN,ASSISTANT_PROFESSOR
fqt7973,Flossy,Kaia,McAdam,kmcadamog@vimeo.com,BC,LECTURER
fvm4167,Effie,Evelyn,Meegan,emeeganoh@diigo.com,EP,LECTURER
zyi5718,Seth,Devora,Burgwyn,dburgwynoi@w3.org,CPS,ADJUNCT_PROFESSOR
gth5455,Axe,Lusa,Levison,llevisonoj@redcross.org,CPS,ASSOCIATE_PROFESSOR
yww8972,Reba,Christian,Radbourn,cradbournok@chron.com,GS,""
pjl2783,Alyson,Clementina,Flott,cflottol@blinklist.com,BC,UNIVERSITY_PROFESSOR
sil6194,Mickie,Brook,Lamming,blammingom@mapy.cz,GS,PROFESSOR
sbz4676,Cleavland,Loraine,Sarfass,lsarfasson@businessweek.com,EN,ASSISTANT_PROFESSOR
equ4364,Ben,Georgia,Gresswood,ggresswoodoo@fotki.com,CC,""
ska8440,Grazia,Darryl,Bartolomeotti,dbartolomeottiop@qq.com,EN,ASSOCIATE_PROFESSOR
uxo0429,Hank,Crissy,Pala,cpalaoq@woothemes.com,GS,PROFESSOR
cit3625,Dolf,Edith,Skrzynski,eskrzynskior@friendfeed.com,CPS,ADJUNCT_PROFESSOR
bzm2579,Lucian,Elliot,Calvey,ecalveyos@elpais.com,GSAS,""
vdn8115,Ophelia,Raine,Storks,rstorksot@blog.com,EN,LECTURER
aas4903,Wally,Gayle,Middlehurst,gmiddlehurstou@gravatar.com,CPS,ADJUNCT_PROFESSOR
fsx1254,Petra,Katrina,Edmundson,kedmundsonov@w3.org,JN,ASSOCIATE_PROFESSOR
bjw5143,Devora,Wyatan,Whitcher,wwhitcherow@csmonitor.com,EN,ASSOCIATE_PROFESSOR
qly5528,Bat,Joela,Munslow,jmunslowox@google.co.uk,EN,ASSOCIATE_PROFESSOR
bdn3479,Bernita,Arron,Baulk,abaulkoy@nba.com,GS,ASSISTANT_PROFESSOR
ali5090,Clarinda,Yvor,Terbrugge,yterbruggeoz@quantcast.com,EP,UNIVERSITY_PROFESSOR
lrz5188,Bunny,Maybelle,Peakman,mpeakmanp0@google.com.hk,BU,UNIVERSITY_PROFESSOR
cvz6988,Hestia,Gene,Finicj,gfinicjp1@networksolutions.com,BC,PROFESSOR
qgb8769,Carina,Kirbie,Fechnie,kfechniep2@ca.gov,BU,""
fkk7693,Linnie,Launce,Heam,lheamp3@ucsd.edu,CC,ASSISTANT_PROFESSOR
adt5603,Skipton,Gino,Jordine,gjordinep4@disqus.com,GSAS,ASSISTANT_PROFESSOR
dyt2109,Felicity,Jehu,Veldstra,jveldstrap5@biblegateway.com,EP,ASSOCIATE_PROFESSOR
xsc8608,Lorne,Hetti,Nowakowski,hnowakowskip6@walmart.com,EN,LECTURER
stf1371,Carlen,Isak,Kender,ikenderp7@simplemachines.org,GSAS,UNIVERSITY_PROFESSOR
qmv4493,Rona,Lyda,Adshad,ladshadp8@ovh.net,BU,""
njm2210,Miles,Birch,Daville,bdavillep9@tripod.com,EP,PROFESSOR
kdp2089,Chester,Sophie,Kynforth,skynforthpa@mtv.com,GS,ASSISTANT_PROFESSOR
mxk0903,Happy,Emmi,Gotcliffe,egotcliffepb@w3.org,GS,LECTURER
toz6343,Veda,Harv,Hagard,hhagardpc@fda.gov,CPS,ASSISTANT_PROFESSOR
pje6819,Angelica,Sisile,Dumblton,sdumbltonpd@gnu.org,EP,ADJUNCT_PROFESSOR
sal8622,Jemima,Arvy,Carmen,acarmenpe@intel.com,BC,LECTURER
ibm3717,Nada,Mohandis,Crippin,mcrippinpf@flickr.com,GS,UNIVERSITY_PROFESSOR
kkq5473,Patricio,Quill,Semper,qsemperpg@va.gov,GSAS,""
ase6357,Simona,Clemmie,Yezafovich,cyezafovichph@nature.com,BC,UNIVERSITY_PROFESSOR
pwm3088,Gaylor,Arturo,Cathesyed,acathesyedpi@vimeo.com,CC,PROFESSOR
wtm0130,Marius,Alexandr,Ricker,arickerpj@exblog.jp,CPS,UNIVERSITY_PROFESSOR
pdd3107,Fraser,Nona,Pendrigh,npendrighpk@ibm.com,JN,ASSISTANT_PROFESSOR
mrz2527,Elinore,Leoline,Emm,lemmpl@go.com,GS,PROFESSOR
dqh9568,Bartlet,Tiffy,Zoane,tzoanepm@reverbnation.com,GSAS,LECTURER
mpl0736,Cobb,Susanna,Presswell,spresswellpn@va.gov,JN,LECTURER
obr9694,Tatum,Kerianne,Eytel,keytelpo@dagondesign.com,BC,ASSOCIATE_PROFESSOR
rqr8923,Klaus,Georgeta,Wingate,gwingatepp@elegantthemes.com,JN,ADJUNCT_PROFESSOR
gyz1479,Dante,Pegeen,Trembath,ptrembathpq@webeden.co.uk,BC,PROFESSOR
shg9100,Neron,Basil,Cromleholme,bcromleholmepr@quantcast.com,CPS,UNIVERSITY_PROFESSOR
sdk0440,Andre,Jamima,Hatto,jhattops@free.fr,EN,UNIVERSITY_PROFESSOR
ilm3881,Edeline,Jamaal,Lording,jlordingpt@google.nl,JN,ADJUNCT_PROFESSOR
opl6826,Silvana,Claus,Thacke,cthackepu@ameblo.jp,CPS,LECTURER
ovg0205,Lock,Fae,Garn,fgarnpv@so-net.ne.jp,EP,PROFESSOR
xcq5065,Josias,Harp,Faunt,hfauntpw@zdnet.com,JN,ASSISTANT_PROFESSOR
ier2963,Merilee,Dunstan,Hailwood,dhailwoodpx@home.pl,EP,PROFESSOR
low9002,Marcille,Janean,Draisey,jdraiseypy@scientificamerican.com,CPS,ASSOCIATE_PROFESSOR
bbu5411,Mozes,Graig,Janisson,gjanissonpz@dailymail.co.uk,GS,LECTURER
ncd1551,Kendrick,Gamaliel,Emmatt,gemmattq0@disqus.com,BC,UNIVERSITY_PROFESSOR
jmn1850,Wilmer,Ahmed,Salleir,asalleirq1@pagesperso-orange.fr,JN,LECTURER
vce6766,Donny,Lia,Gadesby,lgadesbyq2@usnews.com,CPS,PROFESSOR
qna4057,Laurence,Ermentrude,Eastabrook,eeastabrookq3@yellowpages.com,BC,""
mxv7741,Faustina,Vernon,Hansed,vhansedq4@webmd.com,GSAS,ASSISTANT_PROFESSOR
tev3515,Cherilyn,Gwendolyn,Keune,gkeuneq5@booking.com,JN,ASSISTANT_PROFESSOR
jvx8191,Mehetabel,Lelia,Heisham,lheishamq6@independent.co.uk,CC,LECTURER
xcr8022,Gunilla,Liza,Gosz,lgoszq7@accuweather.com,GSAS,UNIVERSITY_PROFESSOR
gew3421,Dannye,Daryn,Bowie,dbowieq8@wikia.com,GS,PROFESSOR
avi3162,Palm,Shena,Vedntyev,svedntyevq9@ning.com,JN,ADJUNCT_PROFESSOR
vdx9644,Stormie,Bernardina,Gabala,bgabalaqa@google.co.jp,EN,PROFESSOR
tdj7569,Corrine,Stanislas,Wasmer,swasmerqb@sakura.ne.jp,GS,""
euh2154,Pearle,Zonda,Puvia,zpuviaqc@bbb.org,CPS,ADJUNCT_PROFESSOR
kjq5979,Allayne,Kasper,Galletley,kgalletleyqd@rambler.ru,JN,ASSOCIATE_PROFESSOR
xmr4836,Mabel,Tani,Shailer,tshailerqe@usatoday.com,EP,ASSISTANT_PROFESSOR
cwd8706,Miller,Bay,Ather,batherqf@studiopress.com,BU,ASSOCIATE_PROFESSOR
xel3451,Nico,Willis,Oakshott,woakshottqg@bloglines.com,CC,ASSISTANT_PROFESSOR
kap5596,Guinna,Alonso,Cassimer,acassimerqh@guardian.co.uk,BU,UNIVERSITY_PROFESSOR
fox3029,Hans,Eunice,Risby,erisbyqi@delicious.com,BU,PROFESSOR
rrc9874,Pammy,Whit,Tunnow,wtunnowqj@miitbeian.gov.cn,CPS,UNIVERSITY_PROFESSOR
vlg9057,Riordan,Lorrin,Maxsted,lmaxstedqk@prweb.com,GS,ASSOCIATE_PROFESSOR
zrn1238,Gayla,Bertine,Leacy,bleacyql@npr.org,BC,PROFESSOR
uaa4790,Avictor,Halsey,Blakeden,hblakedenqm@weibo.com,EP,ASSOCIATE_PROFESSOR
zpb0847,Shalne,Gibbie,Teager,gteagerqn@unicef.org,BU,ASSOCIATE_PROFESSOR
kpy3590,Christophorus,Dode,Corcut,dcorcutqo@deliciousdays.com,GSAS,LECTURER
zws4534,Adella,Marjorie,Fryer,mfryerqp@example.com,BC,ADJUNCT_PROFESSOR
msb9390,Raimundo,Mitzi,Wileman,mwilemanqq@oaic.gov.au,BU,UNIVERSITY_PROFESSOR
otl8481,Leola,Fidelity,Hammerberger,fhammerbergerqr@sfgate.com,EN,ASSISTANT_PROFESSOR
hjq5151,Hercules,Blakelee,McClancy,bmcclancyqs@usa.gov,JN,ADJUNCT_PROFESSOR
ocw4835,Davine,Bee,Rzehor,brzehorqt@springer.com,CC,LECTURER
yab2994,Cindra,Saw,Stolte,sstoltequ@trellian.com,BC,ASSISTANT_PROFESSOR
ztp9908,Bernardine,Hilary,Tarpey,htarpeyqv@house.gov,GS,PROFESSOR
gxn9312,Mickie,Geoffrey,Gloyens,ggloyensqw@4shared.com,BC,ADJUNCT_PROFESSOR
abo2465,Giacinta,Zak,Skyram,zskyramqx@admin.ch,GS,LECTURER
fux0048,Archibald,Washington,Erbain,werbainqy@reuters.com,EP,ASSISTANT_PROFESSOR
ufy2599,Tildi,Ramona,Sheridan,rsheridanqz@squidoo.com,BU,PROFESSOR
hgb6882,Carlyle,Errick,Rigge,erigger0@sun.com,JN,LECTURER
oro4377,Shanan,Reine,Purvess,rpurvessr1@answers.com,JN,""
hyl5616,Lindon,Sherline,Kernar,skernarr2@uol.com.br,GS,""
uef9924,Brnaba,Margaretha,Andrelli,mandrellir3@networkadvertising.org,EP,ADJUNCT_PROFESSOR
yxx4676,Sven,Coralyn,Barge,cbarger4@1und1.de,GS,ASSISTANT_PROFESSOR
bfr6283,Collie,Leilah,Berresford,lberresfordr5@sourceforge.net,GS,ASSISTANT_PROFESSOR
wcx8127,Jerad,Cyndie,Fitzer,cfitzerr6@ft.com,BC,""
vaw8125,Krishna,Orsola,Dack,odackr7@zdnet.com,CC,LECTURER
htk7128,Olympia,Andie,Willstrop,awillstropr8@utexas.edu,JN,""
pun1815,Jillayne,Vita,Schoolcroft,vschoolcroftr9@cpanel.net,EN,ADJUNCT_PROFESSOR
xvz1110,Marissa,Nickolas,Vaney,nvaneyra@whitehouse.gov,GSAS,ASSISTANT_PROFESSOR
ysd8256,Iolanthe,Vivyan,Stanyer,vstanyerrb@skyrock.com,GSAS,ASSISTANT_PROFESSOR
sma5528,Ossie,Gerty,Gianasi,ggianasirc@hud.gov,EP,ASSOCIATE_PROFESSOR
nxk3057,Amber,Con,Hussell,chussellrd@intel.com,CPS,PROFESSOR
dzw4432,Jess,Conny,Brideaux,cbrideauxre@seesaa.net,JN,ASSOCIATE_PROFESSOR
psr2373,Hubey,Lavinie,Darton,ldartonrf@unicef.org,BU,ASSOCIATE_PROFESSOR
lad0979,Ansell,Lacee,Buckie,lbuckierg@liveinternet.ru,GS,UNIVERSITY_PROFESSOR
lbx2466,Ario,Lilith,Chadney,lchadneyrh@etsy.com,GS,ADJUNCT_PROFESSOR
nrc4976,Klara,Trixie,Ordish,tordishri@patch.com,EP,LECTURER
mxk3199,Bernette,Crysta,Jeduch,cjeduchrj@irs.gov,BU,PROFESSOR
gfk5365,Ravid,Maynord,Laidlow,mlaidlowrk@uiuc.edu,BC,ASSISTANT_PROFESSOR
voq9824,Frieda,Irwinn,Attewell,iattewellrl@hubpages.com,EP,ASSOCIATE_PROFESSOR
kof0569,Palmer,Xaviera,Dumbrell,xdumbrellrm@photobucket.com,CPS,ASSOCIATE_PROFESSOR
aru1108,Alon,Latisha,Romanini,lromaninirn@sbwire.com,GSAS,ASSOCIATE_PROFESSOR
pak0300,Tonia,Blaine,Ankrett,bankrettro@bbb.org,EN,""
sip1641,Orran,Ulberto,Shemmin,ushemminrp@networkadvertising.org,JN,UNIVERSITY_PROFESSOR
pvz0747,Gabriello,Felice,Manston,fmanstonrq@wiley.com,BU,UNIVERSITY_PROFESSOR
ukm6214,Chlo,Vere,Roscamps,vroscampsrr@artisteer.com,EN,ADJUNCT_PROFESSOR
