uni,first_name,middle_name,last_name,email,school_code,level
fer2940,Ned,Maxie,Saunt,msaunt0@narod.ru,EN,U04
avj5565,Donalt,Burlie,Dicke,bdicke1@gravatar.com,CPS,G05
rik1453,Wrennie,Kermit,Toffaloni,ktoffaloni2@netlog.com,CC,M03
fbf4301,Ernesta,Janela,Raphael,jraphael3@intel.com,JN,G07
qfr1038,Corette,Brianna,Russell,brussell4@example.com,GS,G07
gyz5261,Aloise,Shanna,Poolman,spoolman5@storify.com,EN,M02
dxp6182,Tedmund,Lewiss,Fernando,lfernando6@baidu.com,EP,M02
myl1603,Anya,Eveline,Buckhurst,ebuckhurst7@wsj.com,EP,G04
eyr7096,Samson,Poul,Rochester,prochester8@disqus.com,EN,U01
lfb5654,May,Emilio,Jannasch,ejannasch9@furl.net,BC,G05
xqs8270,Niles,Trude,Moakes,tmoakesa@mapquest.com,BC,M02
ahv5396,Nert,Torie,Arsey,tarseyb@bandcamp.com,GSAS,M01
gsm8570,Chicky,Sergeant,Nesbeth,snesbethc@sphinn.com,EP,G04
jgf5939,Dermot,Sergio,Wolstenholme,swolstenholmed@java.com,BC,G07
yje8226,Nara,Carlo,Mutch,cmutche@hhs.gov,JN,G04
caq7922,Kale,Ardis,Ballinghall,aballinghallf@mtv.com,CC,U01
txj5411,Benton,Carl,Sanchis,csanchisg@meetup.com,GSAS,G01
xdz6011,Elmer,Haven,Pearl,hpearlh@cargocollective.com,EP,U01
lko8201,Frasco,Sonia,Osbourne,sosbournei@nytimes.com,BC,G03
bak8913,Bradley,Arlyne,Morales,amoralesj@dropbox.com,EN,G07
raf4955,Sofie,Ruby,Eakens,reakensk@vinaora.com,CPS,G04
hmn9603,Christan,Marybelle,Quade,mquadel@cargocollective.com,BU,G07
ufp3356,Glyn,Guendolen,Wagnerin,gwagnerinm@va.gov,EN,M02
wlz7311,Haskell,Sullivan,Kacheller,skachellern@apple.com,CPS,U02
cuw5245,Lenee,Steven,Fryman,sfrymano@google.fr,BU,U02
cmj3730,Antonia,Vaughn,Jeffrey,vjeffreyp@google.ca,EN,M01
wof8667,Elwood,Fair,Grass,fgrassq@domainmarket.com,GS,G01
lmq6564,Mark,Verne,Remirez,vremirezr@dmoz.org,BU,U03
qot6704,Jervis,Gerianna,Wainscot,gwainscots@live.com,CC,G07
iyu0896,Deanne,Inger,Diwell,idiwellt@arizona.edu,EP,U04
rad2180,Carmine,Faunie,Whoolehan,fwhoolehanu@shinystat.com,EP,G07
tyt3262,Alverta,Mordy,Leehane,mleehanev@reuters.com,GS,G05
bbb6498,Armand,Erich,Elis,eelisw@ted.com,CC,M02
jkh8514,Donall,Westbrook,Theakston,wtheakstonx@cbc.ca,EN,U01
pjh7337,Chelsea,Cami,Wickham,cwickhamy@japanpost.jp,GS,G07
wrs4246,Leisha,Tera,Legrice,tlegricez@fda.gov,CC,G01
sgj0559,Teodorico,Zora,Gabala,zgabala10@cargocollective.com,CPS,G03
hnl8715,Darill,Blakelee,Chitty,bchitty11@bloomberg.com,BU,U02
hle3602,Wallas,Nicolea,O'Moylane,nomoylane12@weather.com,JN,G03
vvq7095,Joseph,Balduin,Leimster,bleimster13@odnoklassniki.ru,CC,U03
rrf7466,Zacharie,Timotheus,Christophersen,tchristophersen14@psu.edu,BC,G07
aqh8956,Brigit,Arney,Greenfield,agreenfield15@webs.com,EP,G04
znr0049,Jens,Roxie,Baistow,rbaistow16@reverbnation.com,CPS,M03
bvt6322,Elmore,Del,Greenham,dgreenham17@miitbeian.gov.cn,CC,G01
unw8964,Benjy,Lynelle,Muckley,lmuckley18@stumbleupon.com,GS,U01
dyc7304,Tabitha,Rex,Pascow,rpascow19@ustream.tv,BC,M02
xub5635,Carole,Alvin,Dacks,adacks1a@samsung.com,BC,G03
kvx0568,Kassandra,Thorsten,Lewisham,tlewisham1b@behance.net,CPS,U03
zbx7521,Bruis,Milka,Dumbelton,mdumbelton1c@nytimes.com,CPS,M02
uty9244,Kim,Dov,Clayborn,dclayborn1d@amazon.com,JN,U01
eov5059,Wini,Dodie,Jolly,djolly1e@lycos.com,GS,U01
ihq8258,Brinna,Phyllys,Milburn,pmilburn1f@techcrunch.com,BC,M02
hjz3160,Vickie,Alayne,Comellini,acomellini1g@google.es,BU,G05
dgm9230,Fabio,Val,Malham,vmalham1h@baidu.com,GSAS,U03
gkd7448,Fielding,Glenn,Turone,gturone1i@etsy.com,BU,M02
heq6394,Reena,Guglielma,Jowsey,gjowsey1j@prlog.org,CPS,G07
ets2701,Agace,Eliza,Bryan,ebryan1k@wsj.com,EP,G02
mbc7346,Deanna,Adolphus,Castles,acastles1l@gravatar.com,CPS,U03
lgu9115,Wilhelm,Hubey,Rudiger,hrudiger1m@reverbnation.com,JN,G07
vby7214,Kinna,Natalee,Akhurst,nakhurst1n@acquirethisname.com,JN,G04
nrp6289,Garner,Bobbie,Icke,bicke1o@printfriendly.com,EN,M01
ymu8907,Giulietta,Roy,Miguet,rmiguet1p@spotify.com,CC,U04
dsi4482,Zoe,Clim,Jiggins,cjiggins1q@elpais.com,JN,M03
hvm4887,Kristoforo,Helli,Bausor,hbausor1r@artisteer.com,BC,G03
fbh6412,Laverna,Kissiah,Roddan,kroddan1s@yale.edu,GSAS,G03
aie4025,Jackson,Lynn,Moulding,lmoulding1t@mayoclinic.com,CPS,U04
ofi1461,Ursulina,Elvis,Frisdick,efrisdick1u@slideshare.net,BU,G03
khf5530,Ericha,Row,D'Agostino,rdagostino1v@seattletimes.com,BC,G05
dow2689,Francois,Wilt,Drewson,wdrewson1w@usatoday.com,GS,U04
wdo2003,Morton,Erek,Laydel,elaydel1x@ameblo.jp,CC,G04
ygv1792,Adrianna,Dulcie,Barnard,dbarnard1y@wikimedia.org,BU,G01
cln4906,Fernando,Cherida,Tapscott,ctapscott1z@blogtalkradio.com,GSAS,M02
ktg6946,Tadd,Barbara,Burkman,bburkman20@topsy.com,CC,M03
edc8484,Zondra,Sanford,McDade,smcdade21@howstuffworks.com,CC,G05
fuw4347,Zia,Gilemette,Pues,gpues22@ft.com,EN,U04
yyd6654,Sella,Tatum,Alyukin,talyukin23@wix.com,GSAS,M02
aci9086,Ginni,Gaby,Doiley,gdoiley24@bing.com,GS,U04
duv6879,Eula,Gerardo,Lowndsbrough,glowndsbrough25@blogs.com,JN,M01
osw2438,Cindy,Uriel,McNulty,umcnulty26@soup.io,JN,U02
fhe5111,Harrietta,Perry,Searjeant,psearjeant27@oakley.com,EN,M01
nbk6028,Rodolfo,Theodosia,Pashen,tpashen28@ucoz.com,EP,M02
vid1444,Sonnie,Zandra,Dubble,zdubble29@mayoclinic.com,CC,M03
srs0913,Jermain,Joleen,Straun,jstraun2a@mysql.com,EP,U02
xkw0781,Joelie,Thane,Congdon,tcongdon2b@spiegel.de,EN,M01
gnr1353,Philly,Cordie,Gepson,cgepson2c@youtu.be,JN,G07
tdh5210,Bren,Lucita,Kovalski,lkovalski2d@lulu.com,JN,M03
nkz2957,Addy,Allianora,Oakley,aoakley2e@csmonitor.com,GS,U03
adz9822,Bear,Bartlet,Nelthrop,bnelthrop2f@weebly.com,BC,U03
tnm5709,Nicolis,Colleen,Ridgwell,cridgwell2g@myspace.com,EP,G03
ryg1525,Lorena,Angele,Greggersen,agreggersen2h@comcast.net,BC,M02
qku4320,Tristan,Abbott,Napolione,anapolione2i@wix.com,CPS,U04
fmy5483,Sandro,Diane-marie,Frusher,dfrusher2j@bluehost.com,JN,U01
lyl7721,Viviyan,Priscilla,Brookshaw,pbrookshaw2k@mac.com,CC,G01
yzb9230,Reginald,Rebecka,Wilkinson,rwilkinson2l@prweb.com,JN,M01
xky5936,Cati,Drucie,Renneke,drenneke2m@constantcontact.com,JN,G07
ilz9767,Jerrine,Demetris,Crudginton,dcrudginton2n@engadget.com,JN,G01
ogg3480,Blaine,Katalin,Scholtz,kscholtz2o@mysql.com,CPS,U01
smp0251,Crista,Melonie,Cheine,mcheine2p@cornell.edu,BU,U03
nwg1018,Neall,Gris,Osment,gosment2q@latimes.com,CC,G01
nnf0613,Leonardo,Hamid,Andreucci,handreucci2r@arstechnica.com,JN,G01
frf2704,Ingram,Ryan,Reade,rreade2s@arizona.edu,CC,U03
fcz5988,Ase,Erasmus,Binning,ebinning2t@xing.com,EN,G03
kfi3660,Michele,Cinda,Harvett,charvett2u@mozilla.org,GS,G01
bng3862,Olva,Emlyn,Kernes,ekernes2v@arizona.edu,CPS,G01
ktm6426,Dalila,Earvin,Dome,edome2w@japanpost.jp,EP,G07
ymr9808,Cathyleen,Lazaro,Wilbore,lwilbore2x@newyorker.com,CPS,U03
zdl4722,Dacia,Eward,Yellop,eyellop2y@dmoz.org,GS,M03
tqz2648,Glenda,Jakob,Hymus,jhymus2z@histats.com,GS,U01
vpo3156,Meredith,Clara,Hakonsen,chakonsen30@mapquest.com,GS,G01
pit2041,Barclay,Ame,Choldcroft,acholdcroft31@omniture.com,CPS,G04
qkb3937,Bianka,Eleanora,Lilywhite,elilywhite32@eventbrite.com,EN,M03
qvi6977,Rosamond,Stace,Ochterlonie,sochterlonie33@hhs.gov,CC,G04
pbl5876,Esme,Rolland,Cheshire,rcheshire34@histats.com,CC,M01
qii0343,Stevana,Donelle,Worham,dworham35@ocn.ne.jp,EP,M02
zta1793,Mame,Candis,Couronne,ccouronne36@cnbc.com,CC,M02
pov9761,Orran,Terrijo,Romanini,tromanini37@mlb.com,EP,U04
qpc9560,Dun,Everard,Castiello,ecastiello38@acquirethisname.com,CPS,U01
iud4246,Drake,Osbourn,Sainz,osainz39@typepad.com,CPS,G01
ihf6239,Napoleon,Enriqueta,Gobbett,egobbett3a@washington.edu,BU,U04
ffu7654,Ransell,Tobi,Cunio,tcunio3b@drupal.org,CPS,U04
jyb3228,Darsie,Janey,Huie,jhuie3c@csmonitor.com,EP,U01
bnv4905,Jarret,Eldredge,Mattiuzzi,emattiuzzi3d@bigcartel.com,CC,G03
gqh5516,Bran,Kameko,Hannan,khannan3e@furl.net,GS,M02
wng3762,Linus,Jobie,Peffer,jpeffer3f@deviantart.com,BU,G05
qmx4426,Aleece,Melly,Otham,motham3g@123-reg.co.uk,BC,M02
tuf4518,Franzen,Callean,Peare,cpeare3h@over-blog.com,JN,M01
ddj3281,Marni,Marleen,Dudliston,mdudliston3i@multiply.com,EN,M01
vkw7835,Horace,Tobe,Hirche,thirche3j@typepad.com,CPS,G04
gfx0626,Mattheus,Avram,Tulk,atulk3k@hud.gov,EP,G01
uay7401,Rex,Barnabe,Bavester,bbavester3l@hud.gov,JN,G02
wht9285,Roddy,Gabey,O'Collopy,gocollopy3m@elpais.com,BC,U03
hnn8215,Lanae,Ursulina,Rapson,urapson3n@twitter.com,CPS,U04
zmb0519,Loren,Walliw,Aubert,waubert3o@ucla.edu,CC,U03
qwc1995,Gordie,Chrystal,Hatchette,chatchette3p@amazon.co.jp,JN,M02
dbr9955,Way,Bowie,Polle,bpolle3q@a8.net,EN,G02
mbt1501,Elinore,Mata,Olanda,molanda3r@ocn.ne.jp,BU,G05
oss0432,Saunders,Demeter,Keizman,dkeizman3s@skype.com,CC,M01
jne2166,Jeniece,Margalo,Durker,mdurker3t@wordpress.org,BC,M02
mvw5427,Stesha,Judi,Prantoni,jprantoni3u@networkadvertising.org,CPS,M03
hxa3775,Pinchas,Valry,Craythorn,vcraythorn3v@indiatimes.com,EP,G05
rui7994,Den,Bili,Dearness,bdearness3w@blogtalkradio.com,BU,U03
mfw3102,Link,Silvana,Robertsson,srobertsson3x@godaddy.com,BC,G02
yvp8980,Haleigh,Brear,Reed,breed3y@acquirethisname.com,CPS,U04
tzp1747,Kata,April,Colliber,acolliber3z@globo.com,GSAS,U02
epy7098,Chelsy,Maisey,Mellows,mmellows40@apache.org,CC,U04
zua1824,Pier,Constancy,Vannuchi,cvannuchi41@virginia.edu,GS,G03
ppt8112,Eulalie,Hetty,Favel,hfavel42@wikimedia.org,EP,G07
iyt3537,Wynn,Wright,Willford,wwillford43@1und1.de,GS,M02
cfv5126,Mathian,Morse,Pavel,mpavel44@google.com.br,GS,U03
szf9386,Elsa,Joan,Signorelli,jsignorelli45@istockphoto.com,CC,G07
iyl5218,Carmelle,Joycelin,Jeune,jjeune46@sphinn.com,CC,G04
fcs2040,Natalie,Othello,Yepiskov,oyepiskov47@rakuten.co.jp,JN,M03
eqo1703,Tomaso,Parke,Compson,pcompson48@google.pl,BU,M02
ibt7539,Eduino,Reid,Filipchikov,rfilipchikov49@wix.com,JN,G07
ygc1459,Wileen,Natalya,Petigrew,npetigrew4a@quantcast.com,EP,U04
gcv5771,Tamma,Ame,Gisbey,agisbey4b@lulu.com,JN,M01
mrn9174,Bert,Petronille,Harrod,pharrod4c@godaddy.com,GS,M03
rvt2463,Silvan,Merell,Rockcliff,mrockcliff4d@live.com,BU,U02
hfn9960,Barnabe,Preston,Shaw,pshaw4e@rediff.com,CC,M03
mmj1230,Hayward,Boone,Archanbault,barchanbault4f@columbia.edu,BC,U01
rmw7915,Faythe,Deonne,Offin,doffin4g@blinklist.com,GSAS,G01
thf2010,Barn,Solly,Bengtsson,sbengtsson4h@umn.edu,GS,U04
jmv1063,Dorette,Aylmar,Dog,adog4i@usa.gov,EN,M03
opd0762,Evangeline,Anne-corinne,Gigg,agigg4j@alexa.com,BU,U01
lub5574,Jannel,Giavani,Gove,ggove4k@bluehost.com,CPS,G07
zsi8769,Lula,Fredericka,Anthoine,fanthoine4l@xrea.com,GS,G02
snr4453,Pedro,Tuck,Sliman,tsliman4m@google.de,JN,G04
rgq2873,Edd,Shirl,Strutz,sstrutz4n@blog.com,EN,U03
msz8946,Hammad,Amii,Jamary,ajamary4o@parallels.com,BU,G07
mbz5325,Victor,Brantley,Dumini,bdumini4p@pcworld.com,CC,G03
enc3102,Winn,Shari,Hannigan,shannigan4q@umich.edu,BC,M03
gjw6450,Allie,Joelie,Bellino,jbellino4r@prnewswire.com,GSAS,M01
mqu8803,Idelle,Lemmy,Kirkland,lkirkland4s@irs.gov,BU,G07
bwb6802,Ivar,Kaye,Doogue,kdoogue4t@slashdot.org,EP,U02
geq2246,Carlene,Waylin,Trenoweth,wtrenoweth4u@foxnews.com,GSAS,G03
wmp5586,Caressa,Emilio,Coviello,ecoviello4v@domainmarket.com,EP,U01
tzn9978,Cynthia,Berrie,Le Port,bleport4w@washington.edu,GSAS,G01
lpv7338,Shurwood,Tildi,Lamblot,tlamblot4x@woothemes.com,CC,U04
ana6270,Leta,Eleni,Bilofsky,ebilofsky4y@wikimedia.org,GS,G05
xqv8178,Berkley,Sollie,Seally,sseally4z@webs.com,EP,U02
flh2462,Marcy,Anabal,Cartmel,acartmel50@drupal.org,EN,G03
mea8061,Dick,Kippie,Laskey,klaskey51@imgur.com,GSAS,G04
ggk3142,Shanie,Brian,Tonsley,btonsley52@dell.com,EN,M02
lfu0109,Eulalie,Norma,Flipsen,nflipsen53@sbwire.com,BU,M03
bxr1386,Baudoin,Karlotte,Charlet,kcharlet54@dailymail.co.uk,GSAS,G07
fzo9637,Danita,Weylin,Skain,wskain55@bizjournals.com,EP,G02
ldb6432,Giulietta,Petronia,Boakes,pboakes56@loc.gov,CPS,G05
riv3618,Chester,Raviv,Kench,rkench57@t.co,CC,G02
gwd1476,Minor,Kissiah,Haistwell,khaistwell58@wiley.com,BU,M02
aih7006,Tiler,Jakie,Laurenty,jlaurenty59@youtube.com,CC,M03
xlo4055,Cacilia,Melinde,Laurie,mlaurie5a@spotify.com,GS,U03
ots3537,Elysha,Kacie,Oger,koger5b@deviantart.com,CC,U01
rzz2628,Cherida,Brietta,Slowgrove,bslowgrove5c@disqus.com,BC,M01
hff7634,Tiertza,Bengt,Fraine,bfraine5d@nydailynews.com,CC,G04
lsr5668,Sheila,Jerrine,Antognoni,jantognoni5e@harvard.edu,JN,U01
ags0518,Richard,Sky,Jullian,sjullian5f@issuu.com,JN,U03
ywx1115,Ammamaria,Zsazsa,Mollon,zmollon5g@mashable.com,CPS,U01
eiu3124,Jeanne,Tadio,Gumbrell,tgumbrell5h@harvard.edu,BU,U04
ljh8753,Mela,Janeen,Montgomery,jmontgomery5i@princeton.edu,BU,M02
xlv2313,Revkah,Amory,Van der Beek,avanderbeek5j@netscape.com,JN,M02
fcj7110,Desdemona,Barbee,Topley,btopley5k@live.com,EP,G01
zbq5630,Elinore,Tanya,Agnew,tagnew5l@baidu.com,GS,M03
tom0616,Hewett,Belia,Jedrzejczyk,bjedrzejczyk5m@oakley.com,BU,G03
ywk7429,Brandy,Kurt,Bartaloni,kbartaloni5n@drupal.org,BC,M02
aju0189,Linea,Jorey,Eagles,jeagles5o@slate.com,EP,U04
xja1812,Aleen,Grange,Wrate,gwrate5p@ox.ac.uk,CC,M02
ipa2017,Tomlin,Clarence,Mulbry,cmulbry5q@dot.gov,EP,G02
tui7183,Gustave,Cindy,McGeouch,cmcgeouch5r@people.com.cn,BU,G07
brk5085,Kipp,Davon,Riddiford,driddiford5s@abc.net.au,EP,G01
wrg1336,Lothaire,Diana,Daber,ddaber5t@google.com.br,CC,G04
xje6708,Celene,Hesther,Collett,hcollett5u@cnet.com,CC,U01
sdb4996,Cyrus,Fedora,Munroe,fmunroe5v@devhub.com,GSAS,G04
qyf6608,Marlow,Trudie,Dutton,tdutton5w@wikia.com,BU,G07
zqn8056,Jorry,Linc,Martschke,lmartschke5x@youtube.com,BU,U04
jql0914,Richardo,Mae,MacWhirter,mmacwhirter5y@exblog.jp,CPS,G02
csx5922,Isiahi,Fania,Braisher,fbraisher5z@ox.ac.uk,GS,U01
zhw1602,Jdavie,Milly,Piggot,mpiggot60@gizmodo.com,EN,M01
xhp7569,Tull,Ernesta,Chomicz,echomicz61@sogou.com,JN,G07
qbu1857,Baily,Linus,Gullifant,lgullifant62@technorati.com,EP,G07
nkp3731,Alix,Itch,Zamora,izamora63@examiner.com,CPS,G07
urp5783,Madel,Corette,Sibborn,csibborn64@simplemachines.org,GS,G01
fou4507,Ingaberg,Vanni,Hanstock,vhanstock65@ehow.com,GS,G07
fkg9467,Hettie,Cecily,Croisdall,ccroisdall66@yellowbook.com,BU,U02
owi8407,Halley,Monti,Steedman,msteedman67@de.vu,EP,M01
pie1202,Sal,Nicolle,Osmon,nosmon68@toplist.cz,EN,M02
npn3415,Carmita,Rhody,McTrustie,rmctrustie69@businessweek.com,CPS,U01
hij9877,Wilfrid,Stewart,Masse,smasse6a@netlog.com,GS,M03
oaw1386,Donielle,Dorothea,Howell,dhowell6b@pbs.org,EP,G02
igu5045,Minerva,Isa,Enoch,ienoch6c@vimeo.com,GS,G05
ect5920,Winslow,Isabelita,Nowlan,inowlan6d@issuu.com,BC,G04
kse9875,Cortie,Kareem,Blondin,kblondin6e@foxnews.com,GSAS,M01
xky4392,Anne,Remy,Spieck,rspieck6f@google.co.uk,BU,G07
vov0076,Egbert,Nada,Helgass,nhelgass6g@de.vu,BC,U03
ffk6523,Marjy,Marlo,Haydon,mhaydon6h@examiner.com,CPS,G07
mgj8270,Giffer,Jimmy,Triner,jtriner6i@webs.com,GSAS,U01
fxu1146,Tiffany,Miller,Fussell,mfussell6j@dell.com,BC,M02
xhg4364,Cornell,Loraine,Capin,lcapin6k@w3.org,GS,U03
wpy3875,Flint,Marchelle,Elloit,melloit6l@yellowbook.com,CC,M01
oqv3754,Abey,Deana,Leach,dleach6m@dagondesign.com,EP,U04
swu7669,Dacia,Candis,Ducham,cducham6n@mail.ru,GS,G04
evf7229,Ambur,Olwen,Everex,oeverex6o@theatlantic.com,BC,U01
usd6569,Loreen,Turner,Olexa,tolexa6p@google.pl,BC,G07
gyf9933,Allx,Dominik,Kleint,dkleint6q@lulu.com,GS,U03
kla1117,Sutton,Valenka,Baudinot,vbaudinot6r@bbc.co.uk,BC,U04
tcs0651,Pippy,Hildegarde,Traise,htraise6s@oracle.com,BC,G07
ues2547,Georg,Estele,Fairnie,efairnie6t@samsung.com,BU,U03
ymf7768,Rozamond,Elladine,Dorricott,edorricott6u@harvard.edu,CC,G07
msr6289,Shelden,Cullan,Vango,cvango6v@netlog.com,EP,G07
nws3918,Jena,Rad,Jenkin,rjenkin6w@tiny.cc,JN,U02
awg1290,Seana,Floyd,Janz,fjanz6x@ft.com,BU,G07
ugt8747,Carlin,Babara,Ace,bace6y@gizmodo.com,GSAS,G04
fru6302,Torrance,Simone,Aiskovitch,saiskovitch6z@deliciousdays.com,EP,G05
xya4841,Ursuline,Prinz,Frowen,pfrowen70@slideshare.net,BU,G07
ucc5661,Shay,Cleo,Campsall,ccampsall71@jiathis.com,BC,G07
wpf9477,Jedediah,Ariela,Gilston,agilston72@soup.io,EP,U02
yrq9080,Muffin,Myrta,Viger,mviger73@skyrock.com,GS,M02
pwg6466,Emanuele,Alasteir,Ambridge,aambridge74@alexa.com,BU,G03
qfu9746,Ivette,Ivy,Pandie,ipandie75@telegraph.co.uk,CPS,G01
jsp4859,Stefania,Standford,Monroe,smonroe76@google.de,JN,G04
eym2512,Sheppard,Tabby,Murison,tmurison77@wordpress.com,GS,M01
nsa4881,Kristofor,Patrizia,Giacomuzzi,pgiacomuzzi78@forbes.com,EP,U03
wlx0751,Kirby,Torry,Keuning,tkeuning79@gnu.org,CPS,G07
rzc9028,Herve,Darda,Spatig,dspatig7a@weebly.com,CC,M01
yeq8286,Cindy,Darby,McDermott-Row,dmcdermottrow7b@printfriendly.com,JN,U01
bgi0070,Oren,Ewan,O'Haire,eohaire7c@auda.org.au,JN,U03
hxt4278,Fons,Hermon,Ventris,hventris7d@mail.ru,CPS,G07
mug0379,Ayn,Lonnie,Lathleiff,llathleiff7e@mashable.com,CPS,G07
mpy0440,Orly,Mersey,Brandacci,mbrandacci7f@edublogs.org,EP,G04
mqc1705,Teriann,Isaiah,Simon,isimon7g@cdc.gov,CPS,M03
cwh5594,Helen,Lavena,Glasson,lglasson7h@163.com,EP,M01
hhj6448,Chevalier,Marlow,Kausche,mkausche7i@so-net.ne.jp,CPS,U04
udi8583,Bord,Shawn,Shoute,sshoute7j@illinois.edu,BC,M01
swj6852,Crystie,Randolph,Whoolehan,rwhoolehan7k@mozilla.com,BU,G02
ilg1904,Bevvy,Isadore,Driscoll,idriscoll7l@google.com.au,CPS,M01
utx7338,Ilario,Paolo,Begwell,pbegwell7m@sitemeter.com,GS,M01
bhx1064,Jammal,Rikki,Braun,rbraun7n@domainmarket.com,GS,G04
jaq3893,Ola,Leola,Coyish,lcoyish7o@cisco.com,EN,U04
eqv1219,Octavia,Ardelia,Denyukin,adenyukin7p@blogger.com,BU,G01
xuj7488,Herculie,Kellyann,Currington,kcurrington7q@com.com,EP,G07
rnr3389,Corrianne,Halli,Jurkowski,hjurkowski7r@sbwire.com,BC,M02
xfx6946,Gherardo,Helena,Bockings,hbockings7s@usda.gov,CPS,G04
pra3955,Enrico,Katy,Doornbos,kdoornbos7t@yahoo.com,EN,G04
wix4631,Heywood,Wendy,Corck,wcorck7u@theguardian.com,EP,U04
epe8241,Dorine,Lian,Tandy,ltandy7v@geocities.jp,CPS,G07
gdj7987,Lyndy,Kippie,Marchington,kmarchington7w@virginia.edu,EN,U04
qmc2173,Sherlock,Lynde,Belward,lbelward7x@twitter.com,CC,G02
yhz2776,Nyssa,Giffer,Bracken,gbracken7y@deviantart.com,BC,G02
qrv6227,Eleanore,Denna,Hoyes,dhoyes7z@howstuffworks.com,GS,U01
ida5154,Dewain,Cordula,Uphill,cuphill80@photobucket.com,CPS,U02
vlu8882,Gwenny,Kalle,Sivess,ksivess81@marriott.com,GS,M01
dlb6977,Lilian,Jany,Hargreves,jhargreves82@bizjournals.com,BU,G07
mjb1516,Veda,Davidson,Beedham,dbeedham83@marriott.com,EP,U03
eab8553,Lorenza,Loni,Haylor,lhaylor84@sciencedaily.com,BC,G07
mmm3370,Sallie,Vlad,Kingwell,vkingwell85@ycombinator.com,CC,G05
aoz2113,Rockwell,Hew,Hanlon,hhanlon86@slate.com,EN,U03
wjl4532,Thorsten,Gregg,McGunley,gmcgunley87@dot.gov,EN,M03
jkt8761,Giordano,Anthea,Barnfield,abarnfield88@istockphoto.com,JN,G07
fsr8356,Benetta,Carissa,MacRory,cmacrory89@apple.com,EN,U01
nvd0161,Margarete,Tanya,Howcroft,thowcroft8a@typepad.com,JN,G02
cte1381,Johannes,Laurene,Yakebovitch,lyakebovitch8b@prweb.com,CC,G04
djo9991,Cheryl,Idette,Renol,irenol8c@latimes.com,EN,G05
tjv0018,Jojo,Venita,Scotland,vscotland8d@amazon.de,EN,U03
hhd0040,Juditha,Marielle,Webster,mwebster8e@fema.gov,GS,M02
pex4107,Dalenna,Faustina,Laurentino,flaurentino8f@redcross.org,EN,G07
aat8873,Tomi,Arny,Stoppe,astoppe8g@hostgator.com,EN,U02
nkz4468,Lil,Orran,Gyurko,ogyurko8h@blogger.com,GS,G04
cyj6832,Jenine,Milt,Stott,mstott8i@flavors.me,GS,G05
mew1093,Sada,Dame,Hansom,dhansom8j@scientificamerican.com,CPS,G01
dam8717,Claudia,Gwen,Kerrigan,gkerrigan8k@comcast.net,EN,M03
htd2907,Dewey,Edie,Skippings,eskippings8l@deliciousdays.com,GSAS,U03
vmq0464,Isabel,Javier,Kennford,jkennford8m@dion.ne.jp,EN,U02
ola1483,Lennie,Ursa,Latan,ulatan8n@360.cn,GS,U04
exp1878,Celestia,Jelene,Helstrom,jhelstrom8o@nbcnews.com,BC,G03
tsh6032,Missy,Cord,Klais,cklais8p@slate.com,JN,G07
ndv4995,Sibley,Claire,Dog,cdog8q@digg.com,GSAS,G07
ifv0610,Kimmie,Saraann,Garrould,sgarrould8r@statcounter.com,CPS,G03
cac2433,Hamish,Nikolia,Walkingshaw,nwalkingshaw8s@parallels.com,CPS,G02
lnh2677,Willem,Thurstan,McGowing,tmcgowing8t@wsj.com,CC,G03
mtd5422,Luke,Waverly,Ainger,wainger8u@google.com.hk,JN,G04
jkc4831,Kikelia,Marga,McAlindon,mmcalindon8v@bizjournals.com,JN,G07
zve6937,Maryrose,Hadley,Bruno,hbruno8w@amazonaws.com,BU,U03
jei2469,Bern,Hodge,Gruszczak,hgruszczak8x@twitter.com,CC,G07
sjm8047,Alyse,Joni,Findon,jfindon8y@spotify.com,GSAS,G07
uxf2064,Umeko,Jorrie,Mapes,jmapes8z@prlog.org,CPS,U03
cio9788,Merola,Brooks,Southwick,bsouthwick90@sun.com,BU,G02
qhl3658,Ade,Tony,Colthard,tcolthard91@topsy.com,CPS,M03
juf6940,Preston,Jasper,Fallon,jfallon92@storify.com,GSAS,M03
nrl7095,Stephannie,Gwyneth,Hemstead,ghemstead93@yahoo.co.jp,EP,G01
kbb1434,Brandise,Yale,Robens,yrobens94@princeton.edu,CPS,G01
fof1789,Lynnea,Mira,Finnes,mfinnes95@over-blog.com,BC,M03
jop6813,Emmaline,Nancey,Giannini,ngiannini96@europa.eu,CPS,G07
yey4044,Winnie,Deana,Drepp,ddrepp97@springer.com,CC,M02
spz1227,Lisetta,Johnny,Oyley,joyley98@army.mil,BC,U03
eyd8568,Persis,Torry,Gossipin,tgossipin99@wiley.com,BC,G07
hjr7830,Meggie,Cristine,Cotilard,ccotilard9a@free.fr,BU,U04
sze9763,Claiborn,Chad,Espinola,cespinola9b@xrea.com,BU,G04
rlp3201,Desiri,Janene,Sandercroft,jsandercroft9c@imgur.com,JN,G04
ynw7591,Kristal,Ermengarde,Muirhead,emuirhead9d@icio.us,BC,G07
wjn9256,Homerus,Sayers,Lafayette,slafayette9e@fda.gov,EP,U01
qdk6350,Karna,Edin,Kalinke,ekalinke9f@apache.org,CPS,M03
hfq9075,Corry,Florance,Normandale,fnormandale9g@princeton.edu,JN,G03
pha2180,Ros,Nelson,Isaac,nisaac9h@printfriendly.com,JN,U01
ztp8410,Devland,Nealson,Allonby,nallonby9i@ox.ac.uk,JN,G02
vys6978,Annabel,Kylen,Mooreed,kmooreed9j@drupal.org,EP,G02
swu8923,Emmalee,Eben,Isaacson,eisaacson9k@opensource.org,EP,M03
blc8596,Maggie,Violet,Nucator,vnucator9l@list-manage.com,CC,G07
edm5237,Dermot,Klarika,Lehon,klehon9m@amazon.com,GS,M03
bab8893,Olivette,Berk,Huws,bhuws9n@tinypic.com,BC,G07
bbr7832,Guthry,Godwin,Chaplain,gchaplain9o@oakley.com,BC,U01
qkp4183,Noreen,Tiffani,Lilywhite,tlilywhite9p@ameblo.jp,BC,U01
byj2929,Betsy,Althea,Ogelbe,aogelbe9q@mashable.com,BU,G01
aur2613,Magdalena,Brooke,Micklewicz,bmicklewicz9r@cornell.edu,GSAS,U04
mwl3827,Blanch,Donnie,Peaddie,dpeaddie9s@slashdot.org,BC,G07
mjk1637,Emmaline,Skippie,Clausen-Thue,sclausenthue9t@symantec.com,CC,G03
pbl3665,Tracie,Vannie,Paradyce,vparadyce9u@amazon.com,EN,M01
cty9759,Vladimir,Jedd,Devinn,jdevinn9v@shinystat.com,BC,U03
kme0704,Ginnie,Emmeline,Phil,ephil9w@sitemeter.com,GSAS,U02
ayw9711,Leoine,Livia,Bielfelt,lbielfelt9x@kickstarter.com,BC,M03
yog7012,Gerda,Bonni,Lightbourn,blightbourn9y@google.pl,EN,M01
xyo9891,Becki,Ivory,Bartles,ibartles9z@accuweather.com,EP,G03
zvw8730,Arlina,Flynn,Gillcrist,fgillcrista0@dyndns.org,GS,G01
tuo9436,Chrisy,Hobie,Strowthers,hstrowthersa1@example.com,GSAS,U04
vyv2850,Thedric,Westbrooke,Mundy,wmundya2@google.com.au,GS,G03
gnd9511,Lorin,Britt,Greer,bgreera3@newsvine.com,GSAS,M02
nyo3453,Rafaellle,Corby,Al Hirsi,calhirsia4@digg.com,EN,M01
jrp4169,Tyne,Meier,Bagnell,mbagnella5@discuz.net,GS,G04
xnc0526,Em,Shelton,Corp,scorpa6@usda.gov,GSAS,U04
jlp3048,Romy,Leonard,Matzen,lmatzena7@hostgator.com,CPS,M03
brw4635,Brody,Jeni,Bothen,jbothena8@acquirethisname.com,BC,G05
wuw3177,Dana,Christoforo,Yashaev,cyashaeva9@51.la,JN,G04
jms3620,Otho,Ardys,Kippax,akippaxaa@unblog.fr,CC,G05
dgs5273,Somerset,Moe,Carous,mcarousab@hp.com,EP,U03
zmj2066,Hilary,Bobine,Whiston,bwhistonac@blogger.com,CPS,U04
snv9076,Lannie,Veda,Newdick,vnewdickad@cdbaby.com,GS,M02
ucm0403,Zonda,Rolfe,Blunn,rblunnae@scientificamerican.com,GSAS,M01
ool8926,Giordano,Bertrando,O'Reilly,boreillyaf@bluehost.com,EP,G02
wzb2177,Amalita,Dredi,Freire,dfreireag@google.ru,EP,U01
mtk5463,Gordan,Eddie,Walsom,ewalsomah@newyorker.com,GS,M03
bod8831,Ricky,Luce,Brownsmith,lbrownsmithai@dailymail.co.uk,JN,U02
bai5793,Keen,Barde,Skeete,bskeeteaj@marriott.com,EP,G04
svt1544,Yurik,Hildegarde,Hemmingway,hhemmingwayak@google.com.au,CC,G07
njr7928,Mariellen,Nevil,Awcoate,nawcoateal@mapquest.com,BU,G02
hvy2101,Mart,Tudor,Ablewhite,tablewhiteam@chicagotribune.com,BU,U01
vav9762,Yetty,Barth,Yersin,byersinan@weather.com,CPS,G07
rad0386,Burnard,Cris,Arnaudon,carnaudonao@unesco.org,CPS,U02
xjz4923,Reuben,Farlee,Rosbottom,frosbottomap@jiathis.com,BU,M03
auf6313,Pennie,Jandy,Cristoforo,jcristoforoaq@cbc.ca,CC,G04
rtj3590,Kent,Collette,Gateshill,cgateshillar@time.com,JN,G02
fgx9114,Moishe,Andrey,Duckinfield,aduckinfieldas@guardian.co.uk,EP,U04
jrl2302,Edi,Sigismund,Kisby,skisbyat@auda.org.au,GS,G07
aat2096,Drona,Gaby,Devanney,gdevanneyau@dot.gov,EN,U04
tfz9338,Tobe,Ahmad,Nursey,anurseyav@dmoz.org,EN,G07
qkx3030,Nefen,Lamont,Bakhrushin,lbakhrushinaw@usa.gov,CC,M01
hov0452,Bibbie,Karolina,Keefe,kkeefeax@cmu.edu,CPS,U02
deu0570,Gerald,Merwin,Snowling,msnowlingay@tripadvisor.com,EP,M01
bcu3097,North,Brandais,Puddicombe,bpuddicombeaz@mail.ru,BU,G03
qkv9160,Gibbie,Dimitri,Starie,dstarieb0@umich.edu,BC,G03
gxi0350,Sibelle,Mordy,Beininck,mbeininckb1@google.com.br,EN,U04
mrr3648,El,Rupert,Rathbone,rrathboneb2@ucoz.com,GS,U04
xyi7161,Harrietta,Tabbitha,Worvill,tworvillb3@ca.gov,GS,M03
vgj0229,Raina,Kalil,Garlicke,kgarlickeb4@123-reg.co.uk,EP,G04
llb3836,Lombard,Anjanette,Eringey,aeringeyb5@latimes.com,GS,U03
hna0595,Anjela,Darda,Gabel,dgabelb6@msu.edu,JN,G04
ais5392,Miguela,Thomasine,Goodbar,tgoodbarb7@networksolutions.com,CC,G05
sya5387,Em,Brett,Thacke,bthackeb8@flavors.me,GS,G01
lzm1665,Asia,Misha,Purchase,mpurchaseb9@webeden.co.uk,BU,G07
ups2992,Alanna,Alec,Drohun,adrohunba@youtu.be,EN,U04
vqd2973,Glendon,Jamal,Biaggelli,jbiaggellibb@shareasale.com,CPS,G02
mbo1804,Kristyn,Juliane,McGuckin,jmcguckinbc@apache.org,CC,U03
jyy8953,Renard,Doro,Matteucci,dmatteuccibd@unblog.fr,CPS,U04
amq7706,Chelsie,Alan,Lissandrini,alissandrinibe@webeden.co.uk,CC,G07
dbv8750,Waring,Matty,Holligan,mholliganbf@e-recht24.de,EP,G07
hqi3575,Alister,Ruby,Pasmore,rpasmorebg@goo.ne.jp,EN,G07
fzw1560,Nelia,Hubert,Screaton,hscreatonbh@illinois.edu,EP,M03
yip1888,Barbee,Tani,Chilles,tchillesbi@cbslocal.com,GSAS,G05
hhy7405,Carlie,Philis,Hounsome,phounsomebj@timesonline.co.uk,EP,G07
cmq0822,Karrah,Lorrayne,Blakey,lblakeybk@jalbum.net,GS,G04
wcw6469,Sybyl,Kakalina,Slemmonds,kslemmondsbl@yale.edu,BC,G02
unq2606,Taddeo,Lindsy,Kingdom,lkingdombm@aboutads.info,GSAS,M01
ahs2050,Elton,Sawyer,Loseby,slosebybn@accuweather.com,GS,G07
jst6350,Slade,Benjamin,Bradlaugh,bbradlaughbo@illinois.edu,CC,G05
xqw7113,Parsifal,Letti,Pollicott,lpollicottbp@state.tx.us,JN,G02
mji7788,Abbye,Giff,Congrave,gcongravebq@ucoz.ru,BU,M01
dgy4678,Giles,Tim,Gresham,tgreshambr@gizmodo.com,GSAS,G07
ufg8100,Antonina,Jacintha,Avramovich,javramovichbs@twitter.com,EN,M02
mkq9721,Ragnar,Cosmo,Maving,cmavingbt@t-online.de,GS,G02
fbk6071,Pascale,Osborne,Phillpot,ophillpotbu@drupal.org,BC,G03
qkl7067,Brandea,Iona,Germain,igermainbv@trellian.com,BC,G07
abw7671,Shirline,Peria,Cheak,pcheakbw@dell.com,GS,U01
edo0875,Wilfrid,Caresse,Strickler,cstricklerbx@issuu.com,EP,U02
jnm4533,Kaia,Levi,Gawkroge,lgawkrogeby@over-blog.com,CC,U03
jze1578,Linnie,Mozes,Chidler,mchidlerbz@t.co,CPS,U01
khy4256,Gabrila,Pearle,Vickerman,pvickermanc0@ihg.com,EN,U01
fzy4820,Chilton,Kendra,McQuaid,kmcquaidc1@sohu.com,BC,M01
dqj8130,Orton,Romonda,Alfuso,ralfusoc2@spiegel.de,EN,G05
lgr3088,Evanne,Gusti,Triggle,gtrigglec3@opera.com,BU,G07
ndq4354,Edward,Philippine,Seeds,pseedsc4@google.co.uk,GSAS,M01
rte4244,Den,Horace,Allen,hallenc5@unblog.fr,BC,U03
lzv6697,Eduino,Karrie,Thompsett,kthompsettc6@altervista.org,EN,U01
ywv3892,Tania,Tull,Taft,ttaftc7@dion.ne.jp,BC,G07
rvc5629,Briano,Felice,Ducrow,fducrowc8@de.vu,JN,G03
iua8891,Mavis,Kellie,Thow,kthowc9@comcast.net,GS,M02
wxl5858,Colin,Petra,Sheal,pshealca@xing.com,JN,M02
svd0207,Mame,Jaye,Sainthill,jsainthillcb@nps.gov,EN,U04
ntn0985,Sascha,Layne,Treen,ltreencc@people.com.cn,CC,G04
gms2281,Robinetta,Prudi,Hefferan,phefferancd@chronoengine.com,GS,G01
mnp8994,Harwilll,Maynard,Morewood,mmorewoodce@timesonline.co.uk,BU,U03
spa2995,Sheilakathryn,Woody,Shatford,wshatfordcf@accuweather.com,BU,G05
uzm9613,Bern,Gilberta,Vinten,gvintencg@dell.com,CC,G04
ecl2512,Llywellyn,Isabelita,Gilluley,igilluleych@infoseek.co.jp,CC,G01
vat4861,Garland,Alvina,Dudding,aduddingci@github.io,CC,G03
jlz9290,Stacey,Eugenius,Povlsen,epovlsencj@indiegogo.com,BU,U03
dns7650,Aili,Neil,Ghilks,nghilksck@cisco.com,EP,G01
tjg4653,Ermentrude,Tera,Stowell,tstowellcl@google.pl,EN,G07
byq8100,Morganne,Doug,Kestian,dkestiancm@ed.gov,BC,G07
gob6109,Cam,Curran,Starling,cstarlingcn@123-reg.co.uk,BU,M01
xuf6772,Nancy,Gottfried,Neath,gneathco@posterous.com,GSAS,G02
wgp9111,Abelard,Lionello,Crippes,lcrippescp@timesonline.co.uk,GSAS,G07
wad6575,Felicdad,Rowe,Isbell,risbellcq@weibo.com,EP,U02
jix1992,Stanley,Duncan,Ding,ddingcr@cisco.com,CPS,G05
wnv4943,Marlo,Kitti,Seifert,kseifertcs@ehow.com,CC,G02
pbj6427,Debi,Caddric,MacPaik,cmacpaikct@ihg.com,EP,U03
biu2895,Meriel,Arabelle,Radnedge,aradnedgecu@cnn.com,CC,G03
lus6852,Judye,Dayna,Lowater,dlowatercv@google.nl,GSAS,U01
wlo9331,Kahaleel,Leeann,Frugier,lfrugiercw@patch.com,BU,U01
xvv7482,Brynn,Maridel,Brakewell,mbrakewellcx@moonfruit.com,GS,U03
vna3772,Lanette,Mason,Weld,mweldcy@chron.com,JN,M02
ddd5086,Leopold,Heda,Raynes,hraynescz@clickbank.net,CC,G03
lft1401,Clarance,Miguelita,Yeowell,myeowelld0@discovery.com,GSAS,G05
eoo6389,Willette,Hodge,Eburne,heburned1@nbcnews.com,BC,G07
llc9183,Gayle,Phillis,Onthank,ponthankd2@weather.com,BC,G07
pum1140,Humberto,Tarrah,Kaveney,tkaveneyd3@feedburner.com,EN,G03
hkf8748,Maury,June,Bugler,jbuglerd4@smh.com.au,CC,G02
ptu2428,Leisha,Lolita,Beggio,lbeggiod5@tinypic.com,EN,U02
ofv4138,Abdel,Guido,Kopelman,gkopelmand6@ehow.com,BU,U02
jij0079,Gabbey,Charissa,Casoni,ccasonid7@skype.com,GSAS,G01
gjw7912,King,Brooks,Treverton,btrevertond8@blinklist.com,BC,G07
bgm4483,Antoni,Wood,Francesch,wfranceschd9@wisc.edu,JN,G03
tse6543,Heloise,Hephzibah,Ogers,hogersda@archive.org,EN,G05
jrq5867,Koenraad,Wilbert,Rudledge,wrudledgedb@livejournal.com,BU,U01
jkm7161,Nedda,Opaline,Lemon,olemondc@cam.ac.uk,EN,G05
pnt3689,Madella,Erena,Lowers,elowersdd@shop-pro.jp,GS,G02
cju5755,Keene,Selena,Tyndall,styndallde@theatlantic.com,BC,G02
buq2009,Berti,Ninon,Arnke,narnkedf@xrea.com,EN,U01
gtt4026,Loise,Carroll,Rentz,crentzdg@globo.com,EN,U01
hnk5214,Danyette,Bjorn,Glasebrook,bglasebrookdh@amazon.com,CC,U02
dju3665,Jeth,Hayden,Tchir,htchirdi@house.gov,BC,U02
xvh1125,Yolande,Kaylyn,Slemmonds,kslemmondsdj@sina.com.cn,CPS,G01
xng9012,Calv,Sapphira,Chatt,schattdk@jigsy.com,EN,G07
xmf0342,Dilly,Zora,Powys,zpowysdl@huffingtonpost.com,BC,G02
yrr6595,Tessa,Wilmette,Derks,wderksdm@vinaora.com,GSAS,G07
zno7271,Sarah,Isabelita,Mabbitt,imabbittdn@ted.com,GSAS,G07
pgj1933,Jud,Elsworth,Kienzle,ekienzledo@army.mil,JN,G07
why6166,Johnathan,Johnny,Trevino,jtrevinodp@vimeo.com,CPS,U02
qlx1870,Rosalie,Sherilyn,Eglaise,seglaisedq@aol.com,BU,G07
ddc9997,Ardene,Myrtia,Gibben,mgibbendr@google.com,CPS,G03
kvg0185,Fannie,Emmet,Draco,edracods@sina.com.cn,EP,G02
dtd9783,Bernardina,Juli,Fortye,jfortyedt@acquirethisname.com,CPS,U02
yvu6580,Brander,Callean,Gosnoll,cgosnolldu@mac.com,CC,G01
yop0506,Hastings,Janaya,Colomb,jcolombdv@technorati.com,GS,M01
xvu1230,Hillard,Chadwick,Ruff,cruffdw@oracle.com,GS,G03
lcg8062,Karlik,Pernell,Shellsheere,pshellsheeredx@163.com,BU,G02
hre6187,Travers,Dominga,Bompass,dbompassdy@webmd.com,BC,G01
eba3785,Ozzy,Cody,Moakler,cmoaklerdz@ow.ly,JN,M01
jut6612,Merwyn,Penelope,Birney,pbirneye0@moonfruit.com,GS,U01
hqi6610,Hakeem,Alic,Ciccottini,aciccottinie1@sakura.ne.jp,BU,U02
djh3577,Aldus,Tessie,Wyeth,twyethe2@statcounter.com,BC,U04
epb3440,Cross,Isabel,Micklewright,imicklewrighte3@yandex.ru,JN,M01
dcl0416,Hallie,Farand,Cator,fcatore4@e-recht24.de,CPS,G07
twf1411,Aharon,Marysa,Peggram,mpeggrame5@dailymail.co.uk,EP,G02
yyf3360,Toddy,Melany,Shawell,mshawelle6@shinystat.com,CC,G03
wgq0184,Neddy,Jeniffer,Snalham,jsnalhame7@mapy.cz,CC,U03
ouv5927,Rafa,Zedekiah,McGeagh,zmcgeaghe8@issuu.com,CPS,U02
gkz6015,Megen,Erhard,Allchorne,eallchornee9@hud.gov,CC,G02
ubo6322,Claudina,Rossy,Lundberg,rlundbergea@adobe.com,GSAS,G07
fmj2303,Krystal,Amberly,Jaegar,ajaegareb@amazon.co.jp,BC,G04
qwf2432,Antonie,Joli,Zywicki,jzywickiec@yale.edu,GSAS,U02
csh5872,Yulma,Lorita,De Lascy,ldelascyed@yahoo.co.jp,BU,M03
wch1838,Micheal,Ilario,Brumfield,ibrumfieldee@reddit.com,GSAS,U03
cdp2066,Ingunna,Theressa,Megarrell,tmegarrellef@china.com.cn,BU,M01
ipe2752,Jaquelyn,Hermie,Granger,hgrangereg@theglobeandmail.com,BU,M01
bac0652,Celie,Patrizio,Stolze,pstolzeeh@toplist.cz,CC,M03
ics9055,Etty,Vidovik,Tersay,vtersayei@state.gov,CPS,U04
hva1231,Rube,Korie,Sapshed,ksapshedej@mlb.com,CPS,G07
pow3259,Dante,Any,Euplate,aeuplateek@tinypic.com,GSAS,U04
pyq1799,Mikel,Bryce,Wanklin,bwanklinel@deliciousdays.com,GS,U02
sls7272,Ilka,Bordie,Pearton,bpeartonem@utexas.edu,EP,G01
qgc5390,Amalee,Stephana,Commusso,scommussoen@mediafire.com,EN,U02
awh7635,Elston,Kristin,Aronsohn,karonsohneo@virginia.edu,GSAS,G07
gnz8918,Ilysa,Monica,Rodder,mrodderep@infoseek.co.jp,GSAS,G02
hmy9955,Sabra,Bruce,Stiegers,bstiegerseq@cnn.com,JN,G07
cuu1735,Karla,Joey,Jozsef,jjozsefer@people.com.cn,BU,G07
nar4819,Merla,Gladi,MacCurley,gmaccurleyes@loc.gov,GSAS,G07
wih7589,Marris,Niko,Whicher,nwhicheret@economist.com,BU,M01
rnj3614,Fay,Christoper,Mannooch,cmannoocheu@linkedin.com,EP,U04
gfj2901,Lowell,Suzette,Penhaligon,spenhaligonev@un.org,EN,G01
rac6232,Barr,Kleon,Stirzaker,kstirzakerew@google.nl,GSAS,G02
tbt7618,Lilah,Melba,Scally,mscallyex@friendfeed.com,JN,G03
toc7640,Sidonia,Pip,La Torre,platorreey@webnode.com,GS,G07
yrd6816,Goldina,Lev,Lannen,llannenez@vistaprint.com,EP,G05
klv3918,Aluin,Carlie,Mattingley,cmattingleyf0@is.gd,JN,M01
guf0091,Felix,Codie,Ruddell,cruddellf1@163.com,GS,U03
fgb0157,Beau,Evanne,Grainger,egraingerf2@fema.gov,CC,U04
aoi0817,Stacie,Kory,Bow,kbowf3@163.com,BU,U01
pfg2297,Melvyn,Dru,Josofovitz,djosofovitzf4@shinystat.com,CPS,U01
szy7341,Bearnard,Claiborn,Jockle,cjocklef5@lulu.com,EP,G07
qhr1231,Rosalind,Elenore,McLice,emclicef6@soup.io,CC,G05
yex3703,Wren,Grace,Gomby,ggombyf7@cpanel.net,GSAS,U01
cqx4712,Georgia,Nikoletta,Micka,nmickaf8@angelfire.com,GSAS,M02
vkh1603,Oliviero,Erskine,Farrent,efarrentf9@vinaora.com,GSAS,M01
nxa1645,Anjela,Gard,Burder,gburderfa@adobe.com,EN,G01
yuy7948,Aluino,Gilligan,Cotes,gcotesfb@over-blog.com,CC,M03
wkt5416,Roy,Lira,Fishley,lfishleyfc@arizona.edu,CPS,G04
kuj7805,Sheffield,Suellen,Abadam,sabadamfd@answers.com,CC,G05
uxg6106,Doretta,Valery,Woodyeare,vwoodyearefe@sogou.com,EN,U02
aty8059,Zondra,Barrett,Lethieulier,blethieulierff@ameblo.jp,EN,G01
jvn1411,Cyndy,Diego,Leask,dleaskfg@archive.org,EP,G03
jlv0671,Stefano,Timofei,Melloi,tmelloifh@webnode.com,CPS,G02
yon0435,Madelena,Orton,Dalgety,odalgetyfi@opera.com,BU,M03
agt2037,Cordelia,Jesse,Mangin,jmanginfj@ameblo.jp,GS,M03
bui1296,Genny,Alejandra,Woolley,awoolleyfk@infoseek.co.jp,BC,M03
mjl8297,Sibyl,Mair,Dack,mdackfl@reddit.com,EN,G01
odh0735,Steffie,Jeffy,Halpin,jhalpinfm@samsung.com,EN,G02
vso1187,Otes,Renelle,Widdup,rwiddupfn@webeden.co.uk,EN,G04
xpw1969,Karla,Halsey,Ferrer,hferrerfo@discuz.net,EN,U02
pan8137,Ginger,Standford,Stokes,sstokesfp@cam.ac.uk,GSAS,U03
qsx5108,Hephzibah,Nestor,McCarlich,nmccarlichfq@unc.edu,GS,M03
fdg1681,Laetitia,Karlens,Riseborough,kriseboroughfr@elegantthemes.com,EN,G07
wlw9676,Beverly,Clarice,Darmody,cdarmodyfs@privacy.gov.au,BU,U04
axj9256,Nalani,Dita,Marnane,dmarnaneft@vimeo.com,CC,U02
ved4877,Maximilianus,Guglielmo,Streeten,gstreetenfu@4shared.com,GS,M01
eft4705,Sadella,Kat,Dunsmore,kdunsmorefv@360.cn,GSAS,G01
vse9614,Gaspar,Emili,Renachowski,erenachowskifw@google.pl,BC,G05
mbl2048,Andi,Patin,Dain,pdainfx@studiopress.com,BU,M01
acj5901,Hynda,Brade,Younghusband,byounghusbandfy@gravatar.com,BU,G03
jcm3924,Ellie,Chadwick,Downage,cdownagefz@fc2.com,GS,U02
voe5232,Joana,Carol-jean,Challin,cchalling0@4shared.com,EN,M01
wtd7754,Patten,Alisa,Beche,abecheg1@dot.gov,EP,G02
diw6360,Sascha,Angie,McFade,amcfadeg2@sciencedirect.com,EP,M02
xgq0533,Mike,Emera,Jewess,ejewessg3@biblegateway.com,JN,G05
obr3413,Mabel,Imelda,Bunce,ibunceg4@virginia.edu,BC,G05
dlz0822,Emera,Nollie,Salamon,nsalamong5@lulu.com,GS,G05
vui3495,Mel,Pansie,Munton,pmuntong6@jugem.jp,CPS,G04
wea3771,Erl,Janina,Davidavidovics,jdavidavidovicsg7@tiny.cc,GS,U01
jrt2353,Lindsey,Rhett,Tadlow,rtadlowg8@amazon.de,JN,U02
zcw7538,Cody,Lonnie,D'Andrea,ldandreag9@cornell.edu,EN,G04
nxp9648,Melvyn,Mavra,Lorrie,mlorriega@dmoz.org,CC,M03
hdr9125,Dawna,Serene,Kleint,skleintgb@quantcast.com,GS,U01
ejc8502,Ermanno,Hewett,Rickerby,hrickerbygc@elegantthemes.com,CPS,M03
ihf6620,Enrico,Tallou,Brauner,tbraunergd@xing.com,EN,G07
tsb4821,Cullin,Reuven,Donavan,rdonavange@ed.gov,EN,M02
iaz8309,Rabbi,Mozes,Woan,mwoangf@fema.gov,CC,G03
tvn1091,Carlie,Mariette,Avramovic,mavramovicgg@cloudflare.com,CC,G03
ohd5525,Yelena,Waldemar,McGeown,wmcgeowngh@nationalgeographic.com,EN,U04
miv2223,Meggy,Malanie,Ceschini,mceschinigi@angelfire.com,CC,G02
eew9896,Pete,Dalia,Stainton - Skinn,dstaintonskinngj@geocities.jp,EP,U04
ybv4759,Kathy,Dominica,Tucknott,dtucknottgk@topsy.com,BC,G07
qgd5694,Danica,Humphrey,Archard,harchardgl@mapy.cz,CC,G05
jah7041,Janenna,Gladi,Lumsden,glumsdengm@nature.com,CC,M02
tjf4981,Christie,Al,Winny,awinnygn@feedburner.com,CPS,G07
szb1561,Tally,Rusty,McGarrie,rmcgarriego@hc360.com,BC,U04
bik6830,Verney,Waite,Cristofaro,wcristofarogp@admin.ch,JN,G07
npd4800,Ethelbert,Abbie,Hardan,ahardangq@hud.gov,EP,U02
yjd5820,Bernhard,Cad,Harbage,charbagegr@naver.com,GSAS,G01
fwg6963,Consolata,Maisie,O' Markey,momarkeygs@delicious.com,EN,G02
dcs4522,Shelton,Zollie,Everitt,zeverittgt@bloglines.com,JN,G03
rgd8280,Shayne,Rebeca,Divall,rdivallgu@springer.com,GS,U01
ztz6372,Nefen,Nichole,O'Cuddie,nocuddiegv@unicef.org,CC,U02
she2687,Fonsie,Freda,Durand,fdurandgw@msu.edu,CPS,G03
pnb5865,Cyndie,Kellia,Lyddiard,klyddiardgx@nytimes.com,EN,U01
jle4870,Annadiane,Roch,Desforges,rdesforgesgy@who.int,EP,G04
ryi9328,Austin,Tory,Yuille,tyuillegz@google.com.au,BU,G04
uag9767,Madalena,Anissa,Yeiles,ayeilesh0@twitter.com,EP,G05
rwv4873,Nara,Irena,Parnby,iparnbyh1@jigsy.com,JN,M03
hzn3170,Belita,Frankie,Avo,favoh2@goo.gl,BU,U03
xbi9325,Joanna,Johnette,Rothwell,jrothwellh3@desdev.cn,JN,G02
kia9640,Kerwinn,Shermy,Masding,smasdingh4@delicious.com,JN,G03
qrg2126,Mandie,Emelen,Corcoran,ecorcoranh5@cmu.edu,BU,U01
evy7662,Javier,Claudius,Pattillo,cpattilloh6@stumbleupon.com,EP,U02
riy0066,Franchot,Betty,Ramsier,bramsierh7@salon.com,CPS,G03
hpb4343,Purcell,Chad,Francescuzzi,cfrancescuzzih8@nyu.edu,GS,U04
hcf0006,Barb,Sashenka,Handover,shandoverh9@amazon.co.uk,BU,U04
xxy6265,Clair,Holly-anne,Riden,hridenha@wp.com,JN,U03
qmv8771,Ashlen,Susanetta,Pepall,spepallhb@xinhuanet.com,EP,G05
lux8885,Joella,Becki,Durrell,bdurrellhc@ted.com,BU,M02
jay6253,Dulcine,Fonzie,Cockney,fcockneyhd@mail.ru,BC,G01
jnd6280,Boot,Malachi,Gimson,mgimsonhe@cbsnews.com,EN,U01
awx1968,Frank,Arne,MacKaig,amackaighf@netscape.com,GS,G05
uel1496,Heida,Carolin,McGairl,cmcgairlhg@wsj.com,EP,M03
svz9059,Meredith,Odey,Crocker,ocrockerhh@microsoft.com,EP,M02
jav3043,Sheppard,Lynette,Cutmere,lcutmerehi@wix.com,JN,M02
thn8745,Davie,Roddie,Gettens,rgettenshj@cpanel.net,GS,U03
jds3270,Gabriel,Vale,O'Dee,vodeehk@sbwire.com,CC,G05
cls2781,Correna,Tony,Spence,tspencehl@amazon.co.jp,EN,G05
etp2846,Enrika,Liz,Tremoille,ltremoillehm@usa.gov,EN,M03
ado6029,Justinn,Ingaberg,Povele,ipovelehn@tmall.com,EN,G05
afq5190,Tanney,Ogdon,Whittle,owhittleho@typepad.com,CPS,G07
bby7016,Monique,Erl,Vertey,everteyhp@wix.com,BU,G03
xhy6925,Pansie,Abagael,Sealove,asealovehq@networksolutions.com,GS,U01
nap5226,Prince,Neddie,Mustoe,nmustoehr@tinyurl.com,JN,G03
vhw6611,Ham,Daile,MacCaffrey,dmaccaffreyhs@webeden.co.uk,JN,M03
fia6698,Nicola,Barbey,Cornew,bcornewht@ucoz.ru,CPS,G04
hmv7359,Gill,Deedee,Farguhar,dfarguharhu@altervista.org,EP,G05
vsh5934,Corabelle,Terrance,Sebley,tsebleyhv@wisc.edu,BC,G04
ymx8815,Bax,Sophey,Cobbledick,scobbledickhw@apple.com,JN,G05
jvn0683,Bernete,Paulie,Elgee,pelgeehx@discovery.com,CC,G03
zje5395,Prent,Linc,Pallesen,lpallesenhy@ucoz.ru,JN,U01
dzz8765,Venus,Faythe,Hinemoor,fhinemoorhz@over-blog.com,JN,M02
uzs8910,Jameson,Orelle,Sowerbutts,osowerbuttsi0@mit.edu,GSAS,G05
kcd6970,Daisy,Hedwiga,Staite,hstaitei1@howstuffworks.com,JN,G03
kcn3436,Derrek,Drona,Prescott,dprescotti2@go.com,CC,G07
fff9765,Lucine,Demetri,Grono,dgronoi3@kickstarter.com,BU,M03
bpw6634,Junia,Webster,Shatliff,wshatliffi4@tuttocitta.it,JN,G07
amf9120,Julio,Zebulon,Lorenzini,zlorenzinii5@goodreads.com,EP,G01
mlg2955,Ruben,Bernelle,Onge,bongei6@tinyurl.com,GS,G03
ncs1308,Fredra,Donavon,Shadwick,dshadwicki7@comcast.net,EP,U03
uyg7856,Luci,Liva,Shepard,lshepardi8@telegraph.co.uk,GSAS,U03
emi7721,Jojo,Thia,Denington,tdeningtoni9@digg.com,CC,G04
iga7981,Dimitri,Alick,Newcom,anewcomia@spotify.com,GSAS,G03
qtk2696,Laird,Brandi,Teale,btealeib@smugmug.com,EP,U02
soz3996,Welby,Jordanna,Donson,jdonsonic@bigcartel.com,BU,G04
ctw2285,Sheba,Clevey,Sigart,csigartid@goodreads.com,GSAS,M03
emi3511,Pernell,Kirsten,Provest,kprovestie@tiny.cc,GSAS,U01
aya2892,Harri,Kaleena,Mordanti,kmordantiif@bing.com,CC,G03
fyr7416,Rena,Dolph,Nowick,dnowickig@a8.net,JN,G07
ega2579,Nickie,Jodi,Fetherstonhaugh,jfetherstonhaughih@ucla.edu,JN,G05
qsa8038,Randall,Artie,Whimp,awhimpii@zdnet.com,CC,U02
vfo3889,Valencia,Berthe,Walbrun,bwalbrunij@dailymail.co.uk,EP,G01
smy5372,Ivie,Ivy,Dubose,iduboseik@newyorker.com,EP,G07
jut1850,Veradis,Abey,Blunkett,ablunkettil@sogou.com,CPS,M03
hcx8769,Karney,Alvin,Benzies,abenziesim@smh.com.au,BU,G05
mrf4634,Joscelin,Lauraine,Whitington,lwhitingtonin@tuttocitta.it,EP,M02
ngi3543,Neale,Town,Harrild,tharrildio@reference.com,CC,U03
xjn5919,Natal,Xenos,Karolowski,xkarolowskiip@acquirethisname.com,GSAS,G07
qtv5838,Darda,Nance,Sherme,nshermeiq@yolasite.com,CPS,U02
bvq3655,Shermy,Gunter,Stutely,gstutelyir@twitpic.com,EN,G05
oob1089,Abby,Obed,Bishop,obishopis@nyu.edu,BU,G01
hxg5765,Gayleen,Vernice,Trimble,vtrimbleit@issuu.com,JN,U02
wom2189,Martie,Huntlee,Goodbur,hgoodburiu@thetimes.co.uk,EN,G03
lpf5208,Milka,Ker,Buxcy,kbuxcyiv@com.com,CPS,U01
bib9374,Mallory,Udale,Peel,upeeliw@hibu.com,JN,G02
who2768,Lothaire,Ewan,Bertrand,ebertrandix@hugedomains.com,BU,U01
kpp9167,Sallyann,Harrison,Simonnin,hsimonniniy@google.com.hk,BC,G07
hya3935,Lennie,Nell,McAlester,nmcalesteriz@wp.com,GS,G03
ake3936,Norene,Elva,Menault,emenaultj0@naver.com,EN,M02
hyw1700,Rupert,Brynn,Gilliver,bgilliverj1@t.co,CPS,G07
sxu6015,Gregg,Christen,Grubbe,cgrubbej2@list-manage.com,JN,G07
rhx8186,Benni,Wynn,Lackinton,wlackintonj3@cisco.com,CC,G05
vla7258,Teador,Abe,Ibert,aibertj4@ezinearticles.com,GSAS,G03
tvj8685,Colly,Christiana,Tordiffe,ctordiffej5@mozilla.org,EP,G05
fzc3096,Retha,Fredek,Bickford,fbickfordj6@amazon.co.jp,CC,G03
tpk6875,Ward,Wolfy,Le Claire,wleclairej7@printfriendly.com,EP,G07
ysv3162,Bartram,George,Storm,gstormj8@ftc.gov,EN,G07
kwt8139,Wally,Monika,Pryer,mpryerj9@mlb.com,GSAS,G07
yoo7855,Kirby,Elizabeth,Garoghan,egaroghanja@time.com,JN,U03
kpp3486,Julianne,Evita,Sanzio,esanziojb@cargocollective.com,GSAS,U01
gtr2762,Kristian,Kingsley,Autin,kautinjc@ucla.edu,CPS,G04
gfv7454,Babita,Ludwig,Heaviside,lheavisidejd@techcrunch.com,JN,M03
jgw6919,Arturo,Debbi,Quickenden,dquickendenje@spotify.com,CPS,M01
lok9277,Aristotle,Maxy,Maffin,mmaffinjf@ebay.co.uk,CC,G05
qra6376,Reuven,Benji,Dyzart,bdyzartjg@macromedia.com,CC,G03
zxn7597,Lennie,Jarrett,Raund,jraundjh@flickr.com,GS,G07
zhk0032,Barbara-anne,Adelle,Gallandre,agallandreji@omniture.com,EN,G07
ocp3778,Decca,Alister,Perritt,aperrittjj@odnoklassniki.ru,EP,M01
eyq5144,Barnie,Moss,Hammand,mhammandjk@reddit.com,EP,G01
dwj3941,Melisse,Barbra,Lissandre,blissandrejl@plala.or.jp,JN,M01
qtc0722,Fawnia,Callean,Young,cyoungjm@ft.com,GSAS,G05
rlh1522,Dal,Ulises,Hogsden,uhogsdenjn@un.org,EN,G05
ufr6069,Husain,Carlie,Hansed,chansedjo@printfriendly.com,JN,U03
ffl3130,Sashenka,Freddie,Volcker,fvolckerjp@plala.or.jp,JN,U02
ype3752,Sophi,De witt,Jezard,djezardjq@washington.edu,BC,M02
zsh1145,Alicea,Panchito,Giacovelli,pgiacovellijr@netvibes.com,BC,G07
yyo0814,Editha,Ephrayim,Walter,ewalterjs@blinklist.com,EP,G03
aec2253,Wilbur,Wilton,Verity,wverityjt@hibu.com,GS,G01
xot3598,Domenico,Davy,Pimerick,dpimerickju@mysql.com,JN,G01
jqs4384,Frayda,Kimmi,Chesshire,kchesshirejv@prnewswire.com,BU,G05
muc0308,Kendell,Jess,Dries,jdriesjw@istockphoto.com,CPS,G07
kco1695,Robbin,Oralia,Aleso,oalesojx@prnewswire.com,CPS,U03
awr1789,Cordy,Mickey,Serjeant,mserjeantjy@reverbnation.com,BC,U01
hlw8164,Shelia,Sammie,Newnham,snewnhamjz@patch.com,EP,U01
sdt2463,Celina,Lanae,Daniely,ldanielyk0@whitehouse.gov,CPS,G01
cwo7389,Payton,Josiah,Swanbourne,jswanbournek1@baidu.com,CPS,G04
cqo1891,Sibbie,Ruprecht,Courtonne,rcourtonnek2@delicious.com,BC,G05
tbv2900,Avrom,Jodi,Jacquet,jjacquetk3@wired.com,BU,G03
gvi9486,Fancy,Hillel,Fielding,hfieldingk4@cbsnews.com,GSAS,U02
spd4437,Nobie,Abraham,Rickell,arickellk5@cyberchimps.com,EN,G07
vxd7356,Dina,Mallissa,Meach,mmeachk6@mac.com,EP,U03
qtx2328,Jessi,Karel,Yorston,kyorstonk7@mozilla.org,CPS,G07
wow4769,Margeaux,Fan,Abrahmovici,fabrahmovicik8@wunderground.com,BC,U02
qdl4056,Jacobo,Pavlov,Wildor,pwildork9@blinklist.com,BU,G02
nds9258,Margette,Marchall,Freeborn,mfreebornka@economist.com,CPS,M03
ryk8879,Bobbi,Cirilo,Van der Spohr,cvanderspohrkb@stanford.edu,JN,M01
vrn8409,Malory,Linette,Menaul,lmenaulkc@xinhuanet.com,EP,G04
qjn0487,Tanny,Rodolphe,Ibarra,ribarrakd@xrea.com,JN,G04
rgb2915,Katharina,Dolores,Pagen,dpagenke@wordpress.com,JN,G07
xpu1239,Emmaline,Ulrich,Symcock,usymcockkf@mysql.com,EP,G07
hlp6625,Vanessa,Didi,Whithorn,dwhithornkg@mail.ru,BU,G05
dsu6189,Betty,Markus,Dicey,mdiceykh@examiner.com,GS,U04
jdd3591,Rosalynd,Hastie,Syvret,hsyvretki@marketwatch.com,EP,G01
wcr0110,Joelly,Julie,Anderson,jandersonkj@lulu.com,CC,U02
nvs3107,Conny,Aldo,MacGebenay,amacgebenaykk@oaic.gov.au,BC,U02
lzt6304,Alvira,Corina,Sinkinson,csinkinsonkl@reference.com,JN,G03
hyg3861,Hamil,Minny,Loughrey,mloughreykm@upenn.edu,JN,U03
ebs2932,Alyson,Haven,Braunter,hbraunterkn@deviantart.com,CC,G03
yzq4640,Lacee,Olivette,Mandel,omandelko@zimbio.com,CC,U01
cow8591,Odetta,Yasmin,MacRury,ymacrurykp@dedecms.com,EP,G01
gez4360,Ulla,Winifred,Cardenoso,wcardenosokq@eventbrite.com,EP,M03
ipx0048,Olivette,Benn,Meadway,bmeadwaykr@auda.org.au,CPS,U01
ixa4759,Germain,Lynnea,Krolle,lkrolleks@imgur.com,EN,G07
tiz5464,Gordan,Rosemonde,Le feuvre,rlefeuvrekt@pbs.org,EN,M01
sgc0933,Ulrich,Tucker,Treeby,ttreebyku@skype.com,BC,G07
qhy6337,Darlene,Livvyy,Corday,lcordaykv@wufoo.com,GS,G07
kya9385,Fabio,Thaxter,Jenkison,tjenkisonkw@smugmug.com,CC,M03
uqj8614,Immanuel,Truman,McGeffen,tmcgeffenkx@freewebs.com,BU,G01
xkh6819,Durante,Des,Davidsen,ddavidsenky@cisco.com,GS,U02
zxx5971,Harvey,Manuel,Itshak,mitshakkz@home.pl,EP,U03
gjd1496,Garrott,Happy,Mc Corley,hmccorleyl0@upenn.edu,EP,G05
rpb1745,Brit,Klaus,Clempton,kclemptonl1@domainmarket.com,JN,G07
jrf2551,Shaina,Idell,Comizzoli,icomizzolil2@quantcast.com,GS,M03
fkt4632,Philippe,Al,Perrie,aperriel3@flickr.com,GSAS,M02
qgi7883,Wright,Silvana,Keel,skeell4@abc.net.au,GS,G01
dcm2006,Dillon,Ricki,Camilleri,rcamilleril5@reuters.com,CPS,G03
afe8556,Ava,Rianon,Seys,rseysl6@army.mil,GSAS,U01
yzd6985,Skelly,Vivyan,Burl,vburll7@google.cn,EP,U03
kak4492,Darline,Leif,Loosmore,lloosmorel8@dailymotion.com,JN,G02
nfp2427,Tanhya,Brandtr,Prandini,bprandinil9@yolasite.com,GSAS,G07
bfl3615,Maurise,Flore,Pasquale,fpasqualela@vk.com,EN,U04
yaz8837,Edna,Amata,Towhey,atowheylb@example.com,EP,M03
hsx8559,Sileas,Scott,Blackburn,sblackburnlc@economist.com,GSAS,U04
agx3408,Burk,Hilton,Deverall,hdeverallld@php.net,EN,M02
mpo6849,Giulio,Thoma,Grutchfield,tgrutchfieldle@google.es,CC,M03
jnz8955,Rudy,Owen,Miell,omielllf@google.de,GSAS,U01
noy1335,Gayle,Roshelle,Ritmeyer,rritmeyerlg@bizjournals.com,EN,U01
qjk3615,Hobie,Lin,Graeme,lgraemelh@who.int,EP,G01
aou1091,Denny,Blanch,Noddings,bnoddingsli@cdbaby.com,EN,G04
hzm5470,Gwynne,Gene,Sukbhans,gsukbhanslj@amazon.com,BC,U02
wzr7103,Ogdon,Chuck,McArte,cmcartelk@ustream.tv,CC,G03
fge4528,Giuseppe,Lianna,Dowden,ldowdenll@constantcontact.com,EP,G04
bup3684,Claudell,Rania,Titherington,rtitheringtonlm@ucoz.ru,GS,U03
dfv1455,Roselia,Lambert,Gierardi,lgierardiln@discuz.net,EN,M01
wlz7643,Muire,Alina,Cumberlidge,acumberlidgelo@squidoo.com,EP,U01
lzp0446,Tallie,Sonja,Silveston,ssilvestonlp@aboutads.info,GS,G04
tgu2287,Cindie,Anna-maria,Mulles,amulleslq@tripod.com,CC,U01
gwh9533,Kevyn,Felicle,Groombridge,fgroombridgelr@ox.ac.uk,CC,G01
lvj6989,Remy,Brittne,Szymonowicz,bszymonowiczls@admin.ch,EP,G05
dfq8414,Arty,Nady,Daughtry,ndaughtrylt@ihg.com,CPS,U01
jfd9708,Birdie,Liane,De Lasci,ldelascilu@google.it,GS,M01
aew6319,Milli,Lulu,Sillito,lsillitolv@so-net.ne.jp,BU,G02
hsl6865,Jeni,Wendel,McGiffin,wmcgiffinlw@disqus.com,BC,U01
axf7150,Alejandrina,Corby,Pollok,cpolloklx@thetimes.co.uk,EP,G07
czo9911,Bondy,Mirabella,Kilgallen,mkilgallenly@tumblr.com,CC,G05
jra2168,Sherri,Hube,Warrier,hwarrierlz@e-recht24.de,CPS,G02
lup0026,Petronia,Rubie,Ellyatt,rellyattm0@prweb.com,CPS,M03
peb9408,Hobard,Evelina,Stockall,estockallm1@seesaa.net,GSAS,U01
juv5173,Flinn,Rowland,Tomkins,rtomkinsm2@sciencedaily.com,GS,G07
yuy4146,Lynsey,Vinita,King,vkingm3@ustream.tv,EN,U02
hph8124,Frederica,Farly,Yurin,fyurinm4@miitbeian.gov.cn,BC,G03
qvb5489,Kirby,Cheslie,Cutten,ccuttenm5@reuters.com,BU,U03
zmy5395,Almeda,Loleta,Beddon,lbeddonm6@mit.edu,CC,U04
lym1460,Tiffani,Karie,Werrilow,kwerrilowm7@census.gov,CC,M03
nrr7841,Greggory,Wandis,Peplow,wpeplowm8@sun.com,BC,M03
aak3980,Baird,Audra,Watsham,awatshamm9@php.net,CPS,U01
beu7247,Randee,Doretta,Sarfat,dsarfatma@photobucket.com,CPS,U02
eig6173,Jenni,Lucias,Pledge,lpledgemb@baidu.com,EN,U03
tki7629,Catriona,Friedrich,Gullane,fgullanemc@sourceforge.net,CC,U03
zcq1692,Audry,Niccolo,Rumble,nrumblemd@usatoday.com,GSAS,G04
bwn4992,Jaime,Reed,Bernlin,rbernlinme@bandcamp.com,CPS,G07
raf6948,Wilfrid,Kris,Giddy,kgiddymf@netscape.com,BC,M03
urk7982,Danna,Aube,Le Grice,alegricemg@pen.io,GSAS,G03
mvw9057,Noach,Maggee,Tiler,mtilermh@webmd.com,EP,M02
sda3513,Zelig,Gizela,Munn,gmunnmi@disqus.com,GS,G01
zds8725,Kristin,Dorthy,Delucia,ddeluciamj@bloglines.com,CPS,G05
shw0439,Carney,Belicia,Edmonstone,bedmonstonemk@ycombinator.com,EN,G05
bnl6998,Marne,Shae,Ballsdon,sballsdonml@topsy.com,GS,G02
okc8058,Wilhelmine,Malchy,Weiss,mweissmm@joomla.org,BC,M02
qca9779,Normy,Marybeth,Brockman,mbrockmanmn@fda.gov,EN,M03
ydg7839,Camella,Claiborn,Wilhelmy,cwilhelmymo@google.nl,GS,G01
lqf5250,Norris,Gerome,Chasen,gchasenmp@bluehost.com,EN,M02
kfr4749,Armando,Ebony,Provost,eprovostmq@upenn.edu,GSAS,U02
aol8328,Coretta,Kaye,Pyper,kpypermr@facebook.com,EP,M02
tbg5003,Ranee,Devonne,Shaxby,dshaxbyms@pbs.org,EP,M01
ulh6353,Ellette,Iver,Jupe,ijupemt@wunderground.com,JN,G04
ytq0201,Bettye,Corri,How to preserve,chowtopreservemu@jiathis.com,GS,G03
rcw0682,Erena,Nichole,Cersey,ncerseymv@craigslist.org,CPS,G04
fix2057,Cayla,Gerhardine,Swatten,gswattenmw@oracle.com,CC,U01
lps0439,Dore,Kathrine,Giovanizio,kgiovaniziomx@admin.ch,EN,G04
ekk3603,Eleonora,Gert,Blenkinsopp,gblenkinsoppmy@wikipedia.org,CC,G05
qew3366,Martelle,Aridatha,Standish,astandishmz@4shared.com,EN,G03
pci7512,Tressa,Willis,Dumbarton,wdumbartonn0@ucoz.ru,GS,G07
opm9234,Leroy,Joete,Pellamonuten,jpellamonutenn1@technorati.com,JN,G03
mgz7165,Abbot,Steve,Eames,seamesn2@wordpress.org,BU,G01
wjv3330,Miles,Tobit,Bodell,tbodelln3@techcrunch.com,JN,G04
mzq6478,Alexandra,Larisa,O'Cahey,locaheyn4@tinypic.com,BU,M03
kjx3653,Dominik,Edyth,Thorsen,ethorsenn5@biblegateway.com,CC,G03
ena2992,Aida,Christy,Gundrey,cgundreyn6@wp.com,GSAS,G04
deu5623,Katrina,Kendre,Bellingham,kbellinghamn7@w3.org,GS,U01
wlt9107,Saree,Berkly,Shuttle,bshuttlen8@trellian.com,GS,U01
fbm6451,Stephi,Willi,Wiffill,wwiffilln9@jugem.jp,CPS,G04
svq4758,Rickey,Karry,Millington,kmillingtonna@ning.com,BU,G01
ipn8299,Arch,Daisie,De Bernardi,ddebernardinb@list-manage.com,GS,U01
xyi4921,Loni,Giavani,Ronchi,gronchinc@paginegialle.it,BU,U01
rel8281,Bibbye,Adelind,Hobben,ahobbennd@amazonaws.com,BU,G02
mhm1123,Elia,Sal,Lamborn,slambornne@netvibes.com,JN,G01
kiq5069,Haley,Agna,Baldery,abalderynf@independent.co.uk,GSAS,G07
gej9938,Garrott,Mauricio,Mulderrig,mmulderrigng@archive.org,BU,G07
xkq0194,Corene,Sofia,Ionnisian,sionnisiannh@woothemes.com,CC,U02
kmd5495,Colet,Nicola,Spikings,nspikingsni@yellowbook.com,CC,U04
sqb4070,Marjorie,Christophe,Soloway,csolowaynj@goodreads.com,CC,M03
vwh8770,Nickolai,Emery,Olrenshaw,eolrenshawnk@unblog.fr,CC,M02
bkh4827,Fae,Jennie,Crafts,jcraftsnl@over-blog.com,BU,G04
nbc2142,Ferdinand,Imogen,Saile,isailenm@patch.com,GSAS,G05
fcu3740,Liliane,Erskine,Haslen,ehaslennn@flavors.me,CPS,U02
fzh8031,Nap,Afton,Headingham,aheadinghamno@goodreads.com,CPS,G03
zly0807,Dorri,Hamil,Shropsheir,hshropsheirnp@acquirethisname.com,BU,M01
kbw1751,Yancey,Marcela,Heffernon,mheffernonnq@foxnews.com,GS,G02
pfl5927,Merridie,Elsi,Beaufoy,ebeaufoynr@microsoft.com,EN,M02
luh7591,Ethel,Melvyn,Scarbarrow,mscarbarrowns@businesswire.com,GSAS,G01
ljk7227,Nerte,Sophi,McIan,smciannt@google.com.br,JN,G07
dea8435,Wrennie,Hilda,Grangier,hgrangiernu@wix.com,GSAS,M03
zdo3131,Nickolas,Myrle,Letteresse,mletteressenv@smugmug.com,JN,U04
zbf1508,Leeann,Athena,O'Fallowne,aofallownenw@woothemes.com,CPS,G07
psv1680,Malinde,Katie,Abriani,kabrianinx@cocolog-nifty.com,CC,G05
nbz2230,Abby,Andris,Ren,arenny@earthlink.net,CC,G03
uci8990,Olympia,Vally,McGurk,vmcgurknz@reddit.com,EN,G07
qjo2570,Duffie,Alana,Bretelle,abretelleo0@github.com,CPS,G02
bjo7434,Karney,Itch,Bird,ibirdo1@rambler.ru,EP,G04
kyl3144,Ian,Beryle,D'Hooghe,bdhoogheo2@wufoo.com,EN,M01
cfc7011,Kristen,Grazia,McKelvey,gmckelveyo3@dropbox.com,CC,G07
jbw1074,Moritz,Agnese,Rens,arenso4@yahoo.com,CC,U01
tri7255,Bea,Kerianne,Cumpton,kcumptono5@4shared.com,CPS,U02
nen8162,Jeddy,Judon,Silverthorn,jsilverthorno6@slashdot.org,CC,G03
dje3605,Arley,Cos,Wilcher,cwilchero7@salon.com,CPS,M01
gol6022,Elli,Aeriel,Legister,alegistero8@earthlink.net,JN,G03
prl4081,Tomas,Tanney,Vanes,tvaneso9@list-manage.com,GS,G07
ijg0892,Xenos,Gianina,Berthomier,gberthomieroa@weebly.com,GS,G03
lhx3175,Lorita,Arin,Steel,asteelob@biblegateway.com,JN,G05
whx3989,Rose,Barnabas,Mabbott,bmabbottoc@businessweek.com,BC,G01
tvh1879,Larry,Orville,Oddy,ooddyod@reddit.com,GSAS,M03
dlk7244,Honoria,Tilda,Kollasch,tkollaschoe@istockphoto.com,BC,G01
lii3833,Currie,Fanni,Van Oord,fvanoordof@bandcamp.com,GSAS,G04
xxp6690,Artur,Vi,Usborn,vusbornog@fema.gov,JN,G02
civ9888,Elwira,Darcie,Kofax,dkofaxoh@nhs.uk,EN,G01
oid2327,Zared,Jeanine,Diable,jdiableoi@cisco.com,EP,U03
bpx9193,Marianna,Georgine,MacCafferky,gmaccafferkyoj@qq.com,JN,M03
akm4546,Sallyanne,Callean,Armell,carmellok@cargocollective.com,JN,U01
xhd7754,Hoyt,Lamar,Haddrill,lhaddrillol@google.de,BU,M02
ajw2163,Sybil,Fiona,Farrans,ffarransom@blog.com,GSAS,U01
zzf2238,Jennie,Eal,Rielly,eriellyon@weebly.com,JN,U03
igb7600,Gwenora,Wylma,Vsanelli,wvsanellioo@imgur.com,EN,M02
wai1670,Bryan,Greta,Mc Gorley,gmcgorleyop@photobucket.com,GSAS,M01
mrr5919,Wakefield,Niven,Coyne,ncoyneoq@posterous.com,GS,G03
bza3755,Dale,Cori,Lghan,clghanor@jiathis.com,GSAS,G01
rzt7553,Melodee,Ebeneser,Wildes,ewildesos@wsj.com,GS,M02
zed7176,Janet,Isa,Wadwell,iwadwellot@ebay.co.uk,GSAS,M01
osr9999,Margie,Cammy,Lymbourne,clymbourneou@pagesperso-orange.fr,JN,G05
oov2114,Kirsteni,Judie,Meni,jmeniov@elpais.com,CPS,G07
xej0949,Annamaria,Danie,Fullbrook,dfullbrookow@domainmarket.com,EP,U01
daj4645,Elsi,Bax,Pigden,bpigdenox@princeton.edu,CPS,G07
dii5872,Gretal,Diannne,Lawler,dlawleroy@quantcast.com,GS,G02
wai0136,Galvan,Cally,Kits,ckitsoz@nyu.edu,BU,U01
fhy5844,Lilia,Avril,Hitchens,ahitchensp0@acquirethisname.com,BU,G07
lgb8392,Mill,Arluene,Mansion,amansionp1@columbia.edu,CPS,M03
yud3241,Lauri,Laurence,Desmond,ldesmondp2@facebook.com,EP,U01
dbq5620,Evey,Abrahan,Frere,afrerep3@latimes.com,GS,U01
xrb8526,Jsandye,Mallorie,Leversuch,mleversuchp4@noaa.gov,EN,G01
bcu7358,Mattie,Morse,Verlinde,mverlindep5@imgur.com,BC,U03
eqh0933,Tiphanie,Joli,Gove,jgovep6@google.com.br,BU,U04
ehq4752,Ashlie,Matteo,Skoughman,mskoughmanp7@cocolog-nifty.com,CPS,U03
kqw3805,Oralia,Merell,Cayley,mcayleyp8@craigslist.org,EP,M03
wbu5310,Jena,Ava,Monelle,amonellep9@friendfeed.com,EP,G04
ocb9917,Adriane,Loy,Niece,lniecepa@arstechnica.com,CPS,G02
yrt3079,Ben,Leonerd,Ferryman,lferrymanpb@indiegogo.com,GSAS,G05
ogg6374,Janey,Dorey,Leather,dleatherpc@list-manage.com,GSAS,U01
cxo7127,Cathlene,Don,Bangiard,dbangiardpd@cisco.com,JN,U03
vlm1751,Suzie,Hedy,Upstone,hupstonepe@t-online.de,BC,U04
sns7468,Trevor,Kelcey,Allso,kallsopf@symantec.com,BC,U03
dfm4712,Zabrina,Jodee,Bousquet,jbousquetpg@psu.edu,EP,G05
sbf8557,Maria,Francesco,Elmer,felmerph@blogtalkradio.com,JN,U03
pvw3263,Dare,Waylen,Chennells,wchennellspi@blog.com,GS,G01
xsn5347,Aliza,Bria,Broadstock,bbroadstockpj@uol.com.br,BC,G03
imz9007,Kaylil,Darby,Coady,dcoadypk@unblog.fr,GS,G07
wos9201,Tressa,Shalom,Wanell,swanellpl@usnews.com,GS,G01
ayg8106,Emmett,Abby,Grindlay,agrindlaypm@youtu.be,CC,G02
uiw5536,Ramonda,Bruce,Hapgood,bhapgoodpn@nps.gov,CPS,U02
khi3113,Bennett,Alysa,Christoffe,achristoffepo@list-manage.com,BU,G01
ycm8531,Peter,Riva,McGuggy,rmcguggypp@ovh.net,GSAS,U02
hnm2044,Cornelle,Gran,Goathrop,ggoathroppq@cyberchimps.com,GS,G07
jmd7739,Darill,Kassi,Odgers,kodgerspr@weather.com,BU,G04
qxi6551,Willard,Jan,Clare,jclareps@mozilla.org,GS,G05
keh5242,Nichol,Shaine,Baumber,sbaumberpt@admin.ch,CC,U04
kzn3033,Martin,Corinne,Boldecke,cboldeckepu@pbs.org,CC,M01
quw9795,Sherry,Franchot,Chrichton,fchrichtonpv@flavors.me,BC,M03
dez0732,Clerkclaude,Alla,Bingell,abingellpw@whitehouse.gov,EP,M03
ggn1291,Lincoln,Fanechka,Mullenger,fmullengerpx@slideshare.net,CC,G05
her2242,Ruthie,Elnore,Pole,epolepy@aboutads.info,BU,M03
psm3823,Coralie,Nerty,Pointer,npointerpz@goodreads.com,GS,G01
mpw4201,Joyan,Chariot,Gorick,cgorickq0@auda.org.au,CC,U02
cig7638,Hatty,Doris,Jannequin,djannequinq1@amazonaws.com,JN,G05
igl8692,Sukey,Linnell,Schwanden,lschwandenq2@tmall.com,GSAS,U02
urw9199,Gaelan,Brendan,Romao,bromaoq3@weather.com,BU,G04
vmm3560,Jerri,Agnesse,Horsburgh,ahorsburghq4@shutterfly.com,BU,M02
gqv7600,Dorey,Juline,Devil,jdevilq5@hc360.com,CPS,M02
soo8940,Hewie,Persis,Pracy,ppracyq6@skyrock.com,GS,M01
plz3975,Bibi,Keriann,Coots,kcootsq7@blogtalkradio.com,JN,U03
qvt9721,Hilario,Randie,Leask,rleaskq8@delicious.com,EN,M03
cfi3752,Craig,Estevan,Tipling,etiplingq9@forbes.com,EP,G03
mxn6846,Sybilla,Jada,Caplin,jcaplinqa@google.com.br,EP,M01
jtl1138,Olivier,Brandyn,Pirrone,bpirroneqb@theguardian.com,BU,G05
zry2207,Orv,Gerladina,Matts,gmattsqc@pbs.org,EN,G07
uby1201,Gipsy,Malcolm,Negri,mnegriqd@indiatimes.com,CPS,G02
ynf4781,Jeri,Warde,McMickan,wmcmickanqe@ovh.net,BC,M02
fqj8528,Jule,Rachel,McKune,rmckuneqf@harvard.edu,JN,U04
vdb7994,Lotte,Nat,Showalter,nshowalterqg@nsw.gov.au,BC,M03
jib0584,Lorenzo,Yolane,Menichino,ymenichinoqh@addthis.com,JN,G02
mdo0010,Hubert,Michelina,Ritelli,mritelliqi@washingtonpost.com,BC,M02
pol0750,Nessa,Alford,Stegell,astegellqj@imdb.com,EP,G03
zfo1074,Hillery,Linnell,Evamy,levamyqk@reddit.com,GS,G02
tjz1562,Arman,Kin,Marl,kmarlql@phoca.cz,EP,U01
eop5340,Aloisia,Romain,Babington,rbabingtonqm@yolasite.com,GS,U02
slt1274,Dilly,Flore,Olifard,folifardqn@cbc.ca,JN,U01
yru3771,Delcine,Jsandye,Bode,jbodeqo@slashdot.org,CPS,G07
fed5350,Wayland,Salomo,Summerside,ssummersideqp@ihg.com,EN,G07
hfe4963,Fanny,Nevsa,Flockhart,nflockhartqq@reddit.com,EP,M01
ipd5839,Berna,Adrian,Beaumont,abeaumontqr@weibo.com,EP,G07
tch5256,Brady,Eugenius,Takle,etakleqs@gnu.org,BU,M02
orb8996,Conni,Sylas,Shama,sshamaqt@altervista.org,BC,G07
ehe8545,Estelle,Cobb,Murkus,cmurkusqu@etsy.com,EN,M03
blu8298,Adore,Angie,Arnfield,aarnfieldqv@ehow.com,BC,G04
xua1751,Aurelie,Niel,Chard,nchardqw@netvibes.com,GS,G01
vzw5634,Fransisco,Eugine,Inglesfield,einglesfieldqx@163.com,CPS,G04
spo9947,Bethina,Andriette,Witchell,awitchellqy@furl.net,CPS,G07
hqt0062,Reinald,Sheelagh,Jerrom,sjerromqz@macromedia.com,CPS,M03
ikt3919,Mano,Gaultiero,Flaonier,gflaonierr0@whitehouse.gov,JN,U03
pbr7354,Rustin,Allyn,Geockle,ageockler1@homestead.com,CPS,U02
ypn5044,Whitaker,Maire,Goldine,mgoldiner2@github.io,CC,G07
vej3578,Honey,Claire,Seldner,cseldnerr3@51.la,CC,G07
ocs5458,Dareen,Andie,Pigram,apigramr4@ask.com,EN,M02
smx8525,Annadiana,Kellia,Freeborne,kfreeborner5@reuters.com,CC,U04
vfp4437,Sandro,Kelby,Tyrrell,ktyrrellr6@so-net.ne.jp,EP,G07
hhs1168,Nathaniel,Christie,Burgoin,cburgoinr7@bloglines.com,BU,G02
rht3231,Ann-marie,Nicky,Curr,ncurrr8@nature.com,BU,U02
nhx4242,Jamaal,Fernanda,Chisholm,fchisholmr9@howstuffworks.com,EP,G05
zex2758,Chiarra,Aguistin,Basilone,abasilonera@dion.ne.jp,EN,G03
efd8958,Tamar,Martin,Silver,msilverrb@arstechnica.com,GSAS,G07
jcy8630,Peri,Dick,Howie,dhowierc@cbsnews.com,GSAS,G02
qhp3398,Kerri,Ynes,Breen,ybreenrd@constantcontact.com,BC,U02
evd4617,Ron,Washington,Airton,wairtonre@house.gov,CC,G02
glq6689,Pia,Shelly,Barden,sbardenrf@reddit.com,GSAS,M02
uxq9093,Ericha,Malynda,Meader,mmeaderrg@t-online.de,GSAS,G02
eak7109,Kermie,Brandy,Darnbrough,bdarnbroughrh@guardian.co.uk,JN,G01
xng0635,Bianka,Gui,Teck,gteckri@princeton.edu,BC,G03
npt8680,Ulrica,Ezequiel,Stitcher,estitcherrj@unc.edu,BU,U04
zub4132,Davidde,Inness,Poxon,ipoxonrk@unc.edu,EN,U03
fqc0730,Ediva,Honoria,Hallowes,hhallowesrl@privacy.gov.au,BC,G02
auv4427,Gerry,Maxy,Maynard,mmaynardrm@cocolog-nifty.com,JN,U04
ppc9506,Ebeneser,Alan,Glowach,aglowachrn@cisco.com,JN,G07
nal0217,Nick,Bordie,Gleder,bglederro@upenn.edu,CC,G05
eba9345,Laural,Carolyn,Regis,cregisrp@acquirethisname.com,CPS,M02
qpd4650,Britta,Hatti,Alliott,halliottrq@stumbleupon.com,GS,U03
ucp1159,Jacintha,Sheelagh,Senyard,ssenyardrr@irs.gov,GS,G01
